Country,Week,Date,First death,Death,Death per 1 million,Lagged death per 1 million,Cases,Lagged cases,Cases per 1 million,Lagged cases per 1 million,Total Tests,Weakly Test,Weakly Tests per 1 millon,Stringency Index,First Lag Stringency Index,Second Lag Stringency Index,Population,UHC service coverage index,Population 65 and above,Smoking,Diabetes,"Mortality from CVD, cancer, diabetes or CRD",Unemployment,GHS Index,GHS Rapid response,GHS Health system,GHS Risk environment,Households with internet,Mobile subscriptions,Doctors,Nurses and midwives,Hospital beds,Capacity to isolate patients,Universal healthcare coverage,Health expenditure,Government effectiveness,Orderly transfers of power,Risk of social unrest,Risk of terrorism,Armed conflict,Government territorial control,International tensions,Poverty,Confidence in government,Urban population,Life expectancy,Government health expenditure,GDP per capita,Human Development Index,Democracy Index,Peace Index,Corruption Index,Rule of Law Index,Constraints on Government Powers,Absence of Corruption,Open Government,Fundamental Rights,Order and Security,Regulatory Enforcement,Civil Justice,Criminal Justice
Algeria,1,20200319,20200312,6,0.14,0.02,57,13,1.35,0.31,,,,47.62,33,14,42228429,78,6.4,15.6,6.7,14.2,13.6,23.6,19.6,13.1,51.4,42.9,120.7,120.7,194.7,190,0,1,308.3,1,0,1,2,3,2,2,0.2,1,72.1,76.08,676,4155,0.8,3.5,2.8,35,0.49,0.48,0.45,0.34,0.47,0.74,0.47,0.56,0.43
Algeria,2,20200326,20200312,10,0.24,0.14,182,57,4.31,1.35,,,,85.71,48,33,42228429,78,6.4,15.6,6.7,14.2,13.6,23.6,19.6,13.1,51.4,42.9,120.7,120.7,194.7,190,0,1,308.3,1,0,1,2,3,2,2,0.2,1,72.1,76.08,676,4155,0.8,3.5,2.8,35,0.49,0.48,0.45,0.34,0.47,0.74,0.47,0.56,0.43
Algeria,3,20200402,20200312,41,0.97,0.24,583,182,13.81,4.31,,,,90.48,86,48,42228429,78,6.4,15.6,6.7,14.2,13.6,23.6,19.6,13.1,51.4,42.9,120.7,120.7,194.7,190,0,1,308.3,1,0,1,2,3,2,2,0.2,1,72.1,76.08,676,4155,0.8,3.5,2.8,35,0.49,0.48,0.45,0.34,0.47,0.74,0.47,0.56,0.43
Algeria,4,20200409,20200312,147,3.48,0.97,725,583,17.17,13.81,,,,95.24,90,86,42228429,78,6.4,15.6,6.7,14.2,13.6,23.6,19.6,13.1,51.4,42.9,120.7,120.7,194.7,190,0,1,308.3,1,0,1,2,3,2,2,0.2,1,72.1,76.08,676,4155,0.8,3.5,2.8,35,0.49,0.48,0.45,0.34,0.47,0.74,0.47,0.56,0.43
Algeria,5,20200416,20200312,131,3.1,3.48,588,725,13.92,17.17,,,,95.24,95,90,42228429,78,6.4,15.6,6.7,14.2,13.6,23.6,19.6,13.1,51.4,42.9,120.7,120.7,194.7,190,0,1,308.3,1,0,1,2,3,2,2,0.2,1,72.1,76.08,676,4155,0.8,3.5,2.8,35,0.49,0.48,0.45,0.34,0.47,0.74,0.47,0.56,0.43
Argentina,1,20200314,20200307,1,0.02,0.02,36,9,0.81,0.2,,,,38.1,14,14,44494502,76,11.1,21.8,5.9,15.8,9.2,58.6,50.6,54.9,60,71,130,390.7,421.2,500,1,1,241.9,2,2,2,3,4,2,3,0.3,1,91.7,76.58,1140,11599,0.8,7,3,40,0.58,0.61,0.52,0.64,0.7,0.62,0.53,0.59,0.44
Argentina,2,20200321,20200307,1,0.02,0.02,113,36,2.54,0.81,,,,95.24,38,14,44494502,76,11.1,21.8,5.9,15.8,9.2,58.6,50.6,54.9,60,71,130,390.7,421.2,500,1,1,241.9,2,2,2,3,4,2,3,0.3,1,91.7,76.58,1140,11599,0.8,7,3,40,0.58,0.61,0.52,0.64,0.7,0.62,0.53,0.59,0.44
Argentina,3,20200328,20200307,9,0.2,0.02,431,113,9.69,2.54,,,,95.24,95,38,44494502,76,11.1,21.8,5.9,15.8,9.2,58.6,50.6,54.9,60,71,130,390.7,421.2,500,1,1,241.9,2,2,2,3,4,2,3,0.3,1,91.7,76.58,1140,11599,0.8,7,3,40,0.58,0.61,0.52,0.64,0.7,0.62,0.53,0.59,0.44
Argentina,4,20200404,20200307,25,0.56,0.2,676,431,15.19,9.69,13330,,,95.24,95,95,44494502,76,11.1,21.8,5.9,15.8,9.2,58.6,50.6,54.9,60,71,130,390.7,421.2,500,1,1,241.9,2,2,2,3,4,2,3,0.3,1,91.7,76.58,1140,11599,0.8,7,3,40,0.58,0.61,0.52,0.64,0.7,0.62,0.53,0.59,0.44
Argentina,5,20200411,20200307,42,0.94,0.56,664,676,14.92,15.19,18027,4697,106,100,95,95,44494502,76,11.1,21.8,5.9,15.8,9.2,58.6,50.6,54.9,60,71,130,390.7,421.2,500,1,1,241.9,2,2,2,3,4,2,3,0.3,1,91.7,76.58,1140,11599,0.8,7,3,40,0.58,0.61,0.52,0.64,0.7,0.62,0.53,0.59,0.44
Argentina,6,20200418,20200307,43,0.97,0.94,765,664,17.19,14.92,30942,12915,290,95.24,100,95,44494502,76,11.1,21.8,5.9,15.8,9.2,58.6,50.6,54.9,60,71,130,390.7,421.2,500,1,1,241.9,2,2,2,3,4,2,3,0.3,1,91.7,76.58,1140,11599,0.8,7,3,40,0.58,0.61,0.52,0.64,0.7,0.62,0.53,0.59,0.44
Australia,1,20200308,20200301,2,0.08,0.04,50,5,2,0.2,9120,6203,248,28.57,29,29,24982688,87,15.7,14.7,5.6,9.1,5.2,75.5,65.9,63.5,79.4,86.5,112.7,349.6,1256.6,380,1,1,858.1,4,4,3,3,4,2,3,0.3,1,85.9,82.5,3094,57236,0.9,9.1,3.6,77,0.8,0.82,0.82,0.81,0.79,0.87,0.82,0.76,0.73
Australia,2,20200315,20200301,2,0.08,0.08,221,50,8.85,2,25279,16159,647,28.57,29,29,24982688,87,15.7,14.7,5.6,9.1,5.2,75.5,65.9,63.5,79.4,86.5,112.7,349.6,1256.6,380,1,1,858.1,4,4,3,3,4,2,3,0.3,1,85.9,82.5,3094,57236,0.9,9.1,3.6,77,0.8,0.82,0.82,0.81,0.79,0.87,0.82,0.76,0.73
Australia,3,20200322,20200301,2,0.08,0.08,800,221,32.02,8.85,131500,106221,4252,57.14,29,29,24982688,87,15.7,14.7,5.6,9.1,5.2,75.5,65.9,63.5,79.4,86.5,112.7,349.6,1256.6,380,1,1,858.1,4,4,3,3,4,2,3,0.3,1,85.9,82.5,3094,57236,0.9,9.1,3.6,77,0.8,0.82,0.82,0.81,0.79,0.87,0.82,0.76,0.73
Australia,4,20200329,20200301,9,0.36,0.08,2868,800,114.8,32.02,227433,95933,3840,71.43,57,29,24982688,87,15.7,14.7,5.6,9.1,5.2,75.5,65.9,63.5,79.4,86.5,112.7,349.6,1256.6,380,1,1,858.1,4,4,3,3,4,2,3,0.3,1,85.9,82.5,3094,57236,0.9,9.1,3.6,77,0.8,0.82,0.82,0.81,0.79,0.87,0.82,0.76,0.73
Australia,5,20200405,20200301,18,0.72,0.36,1669,2868,66.81,114.8,294769,67336,2695,71.43,71,57,24982688,87,15.7,14.7,5.6,9.1,5.2,75.5,65.9,63.5,79.4,86.5,112.7,349.6,1256.6,380,1,1,858.1,4,4,3,3,4,2,3,0.3,1,85.9,82.5,3094,57236,0.9,9.1,3.6,77,0.8,0.82,0.82,0.81,0.79,0.87,0.82,0.76,0.73
Australia,6,20200412,20200301,25,1,0.72,678,1669,27.14,66.81,353941,59172,2369,71.43,71,71,24982688,87,15.7,14.7,5.6,9.1,5.2,75.5,65.9,63.5,79.4,86.5,112.7,349.6,1256.6,380,1,1,858.1,4,4,3,3,4,2,3,0.3,1,85.9,82.5,3094,57236,0.9,9.1,3.6,77,0.8,0.82,0.82,0.81,0.79,0.87,0.82,0.76,0.73
Australia,7,20200419,20200301,11,0.44,1,293,678,11.73,27.14,420996,67055,2684,71.43,71,71,24982688,87,15.7,14.7,5.6,9.1,5.2,75.5,65.9,63.5,79.4,86.5,112.7,349.6,1256.6,380,1,1,858.1,4,4,3,3,4,2,3,0.3,1,85.9,82.5,3094,57236,0.9,9.1,3.6,77,0.8,0.82,0.82,0.81,0.79,0.87,0.82,0.76,0.73
Austria,1,20200319,20200312,4,0.45,0.11,1482,324,167.64,36.65,13724,7855,889,95.24,52,14,8840521,79,19,29.6,6.6,11.4,4.8,58.5,42.3,46.6,84.6,87.9,130,523,830.4,760,0,1,1001.8,3,4,3,3,4,2,3,0.5,1,58.1,80.89,3840,52935,0.9,8.3,3.7,76,0.82,0.85,0.82,0.71,0.85,0.9,0.84,0.77,0.8
Austria,2,20200326,20200312,29,3.28,0.45,4045,1482,457.55,167.64,35995,22271,2519,95.24,95,52,8840521,79,19,29.6,6.6,11.4,4.8,58.5,42.3,46.6,84.6,87.9,130,523,830.4,760,0,1,1001.8,3,4,3,3,4,2,3,0.5,1,58.1,80.89,3840,52935,0.9,8.3,3.7,76,0.82,0.85,0.82,0.71,0.85,0.9,0.84,0.77,0.8
Austria,3,20200402,20200312,112,12.67,3.28,4823,4045,545.56,457.55,92190,56195,6357,95.24,95,95,8840521,79,19,29.6,6.6,11.4,4.8,58.5,42.3,46.6,84.6,87.9,130,523,830.4,760,0,1,1001.8,3,4,3,3,4,2,3,0.5,1,58.1,80.89,3840,52935,0.9,8.3,3.7,76,0.82,0.85,0.82,0.71,0.85,0.9,0.84,0.77,0.8
Austria,4,20200409,20200312,127,14.37,12.67,2258,4823,255.41,545.56,126287,34097,3857,95.24,95,95,8840521,79,19,29.6,6.6,11.4,4.8,58.5,42.3,46.6,84.6,87.9,130,523,830.4,760,0,1,1001.8,3,4,3,3,4,2,3,0.5,1,58.1,80.89,3840,52935,0.9,8.3,3.7,76,0.82,0.85,0.82,0.71,0.85,0.9,0.84,0.77,0.8
Austria,5,20200416,20200312,120,13.57,14.37,1401,2258,158.47,255.41,162816,36529,4132,95.24,95,95,8840521,79,19,29.6,6.6,11.4,4.8,58.5,42.3,46.6,84.6,87.9,130,523,830.4,760,0,1,1001.8,3,4,3,3,4,2,3,0.5,1,58.1,80.89,3840,52935,0.9,8.3,3.7,76,0.82,0.85,0.82,0.71,0.85,0.9,0.84,0.77,0.8
Bangladesh,1,20200326,20200319,4,0.02,0.01,27,14,0.17,0.09,920,493,3,90.48,76,24,161356039,48,5.2,23,9.2,21.6,4.4,35,23.1,14.7,44,18.2,88.1,47.2,26.7,80,1,0,65.1,0,2,1,2,3,2,3,2.7,2,35.9,72.49,16,1647,0.6,5.6,2.9,26,0.41,0.4,0.36,0.43,0.32,0.63,0.41,0.38,0.33
Bangladesh,2,20200402,20200319,1,0.01,0.02,12,27,0.07,0.17,1906,986,6,95.24,90,76,161356039,48,5.2,23,9.2,21.6,4.4,35,23.1,14.7,44,18.2,88.1,47.2,26.7,80,1,0,65.1,0,2,1,2,3,2,3,2.7,2,35.9,72.49,16,1647,0.6,5.6,2.9,26,0.41,0.4,0.36,0.43,0.32,0.63,0.41,0.38,0.33
Bangladesh,3,20200409,20200319,15,0.09,0.01,274,12,1.7,0.07,6480,4574,28,95.24,95,90,161356039,48,5.2,23,9.2,21.6,4.4,35,23.1,14.7,44,18.2,88.1,47.2,26.7,80,1,0,65.1,0,2,1,2,3,2,3,2.7,2,35.9,72.49,16,1647,0.6,5.6,2.9,26,0.41,0.4,0.36,0.43,0.32,0.63,0.41,0.38,0.33
Bangladesh,4,20200416,20200319,39,0.24,0.09,1242,274,7.7,1.7,17003,10523,65,95.24,95,95,161356039,48,5.2,23,9.2,21.6,4.4,35,23.1,14.7,44,18.2,88.1,47.2,26.7,80,1,0,65.1,0,2,1,2,3,2,3,2.7,2,35.9,72.49,16,1647,0.6,5.6,2.9,26,0.41,0.4,0.36,0.43,0.32,0.63,0.41,0.38,0.33
Belgium,1,20200323,20200316,70,6.12,0.09,2316,885,202.57,77.41,30152,15420,1349,85.71,62,19,11433256,84,18.8,28.2,4.6,11.4,5.9,61,47.3,60.5,78.2,87.7,104.7,301.1,1108.8,620,1,1,740.3,3,3,2,2,4,2,3,0,2,98,80.99,3926,46290,0.9,7.8,3.5,75,0.79,0.83,0.8,0.76,0.84,0.81,0.8,0.76,0.71
Belgium,2,20200330,20200316,356,31.14,6.12,7435,2316,650.3,202.57,53027,22875,2001,85.71,86,62,11433256,84,18.8,28.2,4.6,11.4,5.9,61,47.3,60.5,78.2,87.7,104.7,301.1,1108.8,620,1,1,740.3,3,3,2,2,4,2,3,0,2,98,80.99,3926,46290,0.9,7.8,3.5,75,0.79,0.83,0.8,0.76,0.84,0.81,0.8,0.76,0.71
Belgium,3,20200406,20200316,1016,88.86,31.14,8855,7435,774.5,650.3,84463,31436,2750,85.71,86,86,11433256,84,18.8,28.2,4.6,11.4,5.9,61,47.3,60.5,78.2,87.7,104.7,301.1,1108.8,620,1,1,740.3,3,3,2,2,4,2,3,0,2,98,80.99,3926,46290,0.9,7.8,3.5,75,0.79,0.83,0.8,0.76,0.84,0.81,0.8,0.76,0.71
Belgium,4,20200413,20200316,2153,188.31,88.86,9956,8855,870.79,774.5,125443,40980,3584,85.71,86,86,11433256,84,18.8,28.2,4.6,11.4,5.9,61,47.3,60.5,78.2,87.7,104.7,301.1,1108.8,620,1,1,740.3,3,3,2,2,4,2,3,0,2,98,80.99,3926,46290,0.9,7.8,3.5,75,0.79,0.83,0.8,0.76,0.84,0.81,0.8,0.76,0.71
Bosnia and Herzegovina,1,20200328,20200321,3,0.9,0.3,141,81,42.42,24.37,,,,100,100,48,3323929,61,16.5,38.9,9,17.8,15.7,42.8,51.8,38.3,50.8,69.5,98.1,188.6,588.5,350,0,1,322.2,1,1,0,2,3,2,1,0.1,0,47.9,76.91,795,5849,0.8,5,3,38,0.52,0.45,0.44,0.47,0.59,0.76,0.49,0.48,0.48
Bosnia and Herzegovina,2,20200404,20200321,14,4.21,0.9,353,141,106.2,42.42,,,,100,100,100,3323929,61,16.5,38.9,9,17.8,15.7,42.8,51.8,38.3,50.8,69.5,98.1,188.6,588.5,350,0,1,322.2,1,1,0,2,3,2,1,0.1,0,47.9,76.91,795,5849,0.8,5,3,38,0.52,0.45,0.44,0.47,0.59,0.76,0.49,0.48,0.48
Bosnia and Herzegovina,3,20200411,20200321,19,5.72,4.21,315,353,94.77,106.2,,,,100,100,100,3323929,61,16.5,38.9,9,17.8,15.7,42.8,51.8,38.3,50.8,69.5,98.1,188.6,588.5,350,0,1,322.2,1,1,0,2,3,2,1,0.1,0,47.9,76.91,795,5849,0.8,5,3,38,0.52,0.45,0.44,0.47,0.59,0.76,0.49,0.48,0.48
Bosnia and Herzegovina,4,20200418,20200321,7,2.11,5.72,309,315,92.96,94.77,,,,95.24,100,100,3323929,61,16.5,38.9,9,17.8,15.7,42.8,51.8,38.3,50.8,69.5,98.1,188.6,588.5,350,0,1,322.2,1,1,0,2,3,2,1,0.1,0,47.9,76.91,795,5849,0.8,5,3,38,0.52,0.45,0.44,0.47,0.59,0.76,0.49,0.48,0.48
Brazil,1,20200325,20200318,45,0.21,0,1910,257,9.12,1.23,,,,76.19,62,14,209469333,79,8.9,13.9,10.4,16.6,11.9,59.7,67.1,45,56.2,60.9,113,185.2,744.4,220,1,1,774.3,2,1,2,4,4,2,3,1.2,0,86.3,75.51,591,8931,0.8,7,2.7,35,0.52,0.53,0.45,0.61,0.51,0.64,0.51,0.54,0.34
Brazil,2,20200401,20200318,113,0.54,0.21,2378,1910,11.35,9.12,,,,76.19,76,62,209469333,79,8.9,13.9,10.4,16.6,11.9,59.7,67.1,45,56.2,60.9,113,185.2,744.4,220,1,1,774.3,2,1,2,4,4,2,3,1.2,0,86.3,75.51,591,8931,0.8,7,2.7,35,0.52,0.53,0.45,0.61,0.51,0.64,0.51,0.54,0.34
Brazil,3,20200408,20200318,394,1.88,0.54,7477,2378,35.69,11.35,,,,76.19,76,76,209469333,79,8.9,13.9,10.4,16.6,11.9,59.7,67.1,45,56.2,60.9,113,185.2,744.4,220,1,1,774.3,2,1,2,4,4,2,3,1.2,0,86.3,75.51,591,8931,0.8,7,2.7,35,0.52,0.53,0.45,0.61,0.51,0.64,0.51,0.54,0.34
Brazil,4,20200415,20200318,775,3.7,1.88,11374,7477,54.3,35.69,,,,76.19,76,76,209469333,79,8.9,13.9,10.4,16.6,11.9,59.7,67.1,45,56.2,60.9,113,185.2,744.4,220,1,1,774.3,2,1,2,4,4,2,3,1.2,0,86.3,75.51,591,8931,0.8,7,2.7,35,0.52,0.53,0.45,0.61,0.51,0.64,0.51,0.54,0.34
Brunei,1,20200404,20200328,0,0,2.33,19,32,44.29,74.6,,,,57.14,57,57,428962,81,4.9,16.9,13.3,16.6,8.7,32.6,33.4,24.2,66.7,90,127.1,174.6,651.2,270,1,0,91.9,2,0,4,3,4,2,3,0.2,1,77.3,77.2,1720,29874,0.9,,-,63,,,,,,,,,
Brunei,2,20200411,20200328,0,0,0,2,19,4.66,44.29,,,,57.14,57,57,428962,81,4.9,16.9,13.3,16.6,8.7,32.6,33.4,24.2,66.7,90,127.1,174.6,651.2,270,1,0,91.9,2,0,4,3,4,2,3,0.2,1,77.3,77.2,1720,29874,0.9,,-,63,,,,,,,,,
Brunei,3,20200418,20200328,0,0,0,0,2,0,4.66,,,,57.14,57,57,428962,81,4.9,16.9,13.3,16.6,8.7,32.6,33.4,24.2,66.7,90,127.1,174.6,651.2,270,1,0,91.9,2,0,4,3,4,2,3,0.2,1,77.3,77.2,1720,29874,0.9,,-,63,,,,,,,,,
Bulgaria,1,20200319,20200312,2,0.28,0.14,87,7,12.38,1,,,,80.95,33,29,7025037,66,21,37,6,23.6,5.2,45.6,21.7,41,66.3,63.4,120.4,399.9,531.8,680,1,1,756.7,2,3,3,3,4,2,2,0.5,1,74.7,74.61,798,9256,0.8,7,3.4,42,0.55,0.46,0.44,0.56,0.61,0.77,0.53,0.56,0.45
Bulgaria,2,20200326,20200312,0,0,0.28,148,87,21.07,12.38,,,,80.95,81,33,7025037,66,21,37,6,23.6,5.2,45.6,21.7,41,66.3,63.4,120.4,399.9,531.8,680,1,1,756.7,2,3,3,3,4,2,2,0.5,1,74.7,74.61,798,9256,0.8,7,3.4,42,0.55,0.46,0.44,0.56,0.61,0.77,0.53,0.56,0.45
Bulgaria,3,20200402,20200312,7,1,0,180,148,25.62,21.07,,,,80.95,81,81,7025037,66,21,37,6,23.6,5.2,45.6,21.7,41,66.3,63.4,120.4,399.9,531.8,680,1,1,756.7,2,3,3,3,4,2,2,0.5,1,74.7,74.61,798,9256,0.8,7,3.4,42,0.55,0.46,0.44,0.56,0.61,0.77,0.53,0.56,0.45
Bulgaria,4,20200409,20200312,14,1.99,1,171,180,24.34,25.62,18502,,,80.95,81,81,7025037,66,21,37,6,23.6,5.2,45.6,21.7,41,66.3,63.4,120.4,399.9,531.8,680,1,1,756.7,2,3,3,3,4,2,2,0.5,1,74.7,74.61,798,9256,0.8,7,3.4,42,0.55,0.46,0.44,0.56,0.61,0.77,0.53,0.56,0.45
Bulgaria,5,20200416,20200312,12,1.71,1.99,154,171,21.92,24.34,26417,7915,1127,80.95,81,81,7025037,66,21,37,6,23.6,5.2,45.6,21.7,41,66.3,63.4,120.4,399.9,531.8,680,1,1,756.7,2,3,3,3,4,2,2,0.5,1,74.7,74.61,798,9256,0.8,7,3.4,42,0.55,0.46,0.44,0.56,0.61,0.77,0.53,0.56,0.45
Burkina Faso,1,20200325,20200318,2,0.1,0.05,88,24,4.46,1.22,,,,95.24,48,0,19751535,40,2.4,12.5,7.3,21.7,,30.1,38,5.6,42.6,14,93.5,4.7,63,40,0,0,36.3,1,1,1,1,2,2,2,11.1,1,28.7,60.36,46,787,0.4,4.8,2.8,41,0.51,0.56,0.42,0.47,0.57,0.62,0.48,0.46,0.49
Burkina Faso,2,20200401,20200318,11,0.56,0.1,147,88,7.44,4.46,,,,88.1,95,48,19751535,40,2.4,12.5,7.3,21.7,,30.1,38,5.6,42.6,14,93.5,4.7,63,40,0,0,36.3,1,1,1,1,2,2,2,11.1,1,28.7,60.36,46,787,0.4,4.8,2.8,41,0.51,0.56,0.42,0.47,0.57,0.62,0.48,0.46,0.49
Burkina Faso,3,20200408,20200318,4,0.2,0.56,123,147,6.23,7.44,,,,95.24,88,95,19751535,40,2.4,12.5,7.3,21.7,,30.1,38,5.6,42.6,14,93.5,4.7,63,40,0,0,36.3,1,1,1,1,2,2,2,11.1,1,28.7,60.36,46,787,0.4,4.8,2.8,41,0.51,0.56,0.42,0.47,0.57,0.62,0.48,0.46,0.49
Burkina Faso,4,20200415,20200318,10,0.51,0.2,131,123,6.63,6.23,,,,95.24,95,88,19751535,40,2.4,12.5,7.3,21.7,,30.1,38,5.6,42.6,14,93.5,4.7,63,40,0,0,36.3,1,1,1,1,2,2,2,11.1,1,28.7,60.36,46,787,0.4,4.8,2.8,41,0.51,0.56,0.42,0.47,0.57,0.62,0.48,0.46,0.49
Cameroon,1,20200401,20200325,5,0.2,0.04,69,60,2.74,2.38,,,,61.9,62,62,25216237,46,2.7,,6,21.6,,34.4,29.5,21.4,33.6,23.2,81.9,8.3,52,130,1,0,117.7,1,0,1,1,2,0,1,7.6,1,55.8,58.07,23,1566,0.6,3.3,2.5,25,0.36,0.37,0.26,0.34,0.36,0.48,0.42,0.41,0.24
Cameroon,2,20200408,20200325,3,0.12,0.2,416,69,16.5,2.74,,,,76.19,62,62,25216237,46,2.7,,6,21.6,,34.4,29.5,21.4,33.6,23.2,81.9,8.3,52,130,1,0,117.7,1,0,1,1,2,0,1,7.6,1,55.8,58.07,23,1566,0.6,3.3,2.5,25,0.36,0.37,0.26,0.34,0.36,0.48,0.42,0.41,0.24
Cameroon,3,20200415,20200325,6,0.24,0.12,300,416,11.9,16.5,,,,76.19,76,62,25216237,46,2.7,,6,21.6,,34.4,29.5,21.4,33.6,23.2,81.9,8.3,52,130,1,0,117.7,1,0,1,1,2,0,1,7.6,1,55.8,58.07,23,1566,0.6,3.3,2.5,25,0.36,0.37,0.26,0.34,0.36,0.48,0.42,0.41,0.24
Canada,1,20200318,20200311,8,0.22,0.03,476,63,12.84,1.7,53975,53975,1457,57.14,19,5,37057765,89,17.2,14.3,7.6,9.8,5.7,75.3,60.7,67.7,82.7,91.2,85.9,253.9,984.2,270,1,1,689.7,4,4,4,3,4,2,3,0.2,2,81.4,82.3,3465,46301,0.9,9.2,3.7,81,0.81,0.84,0.83,0.81,0.82,0.91,0.81,0.7,0.74
Canada,2,20200325,20200311,16,0.43,0.22,1170,476,31.57,12.84,142154,88179,2380,71.43,57,19,37057765,89,17.2,14.3,7.6,9.8,5.7,75.3,60.7,67.7,82.7,91.2,85.9,253.9,984.2,270,1,1,689.7,4,4,4,3,4,2,3,0.2,2,81.4,82.3,3465,46301,0.9,9.2,3.7,81,0.81,0.84,0.83,0.81,0.82,0.91,0.81,0.7,0.74
Canada,3,20200401,20200311,64,1.73,0.43,5956,1170,160.72,31.57,256933,114779,3097,80.95,71,57,37057765,89,17.2,14.3,7.6,9.8,5.7,75.3,60.7,67.7,82.7,91.2,85.9,253.9,984.2,270,1,1,689.7,4,4,4,3,4,2,3,0.2,2,81.4,82.3,3465,46301,0.9,9.2,3.7,81,0.81,0.84,0.83,0.81,0.82,0.91,0.81,0.7,0.74
Canada,4,20200408,20200311,256,6.91,1.73,9354,5956,252.42,160.72,359269,102336,2762,85.71,81,71,37057765,89,17.2,14.3,7.6,9.8,5.7,75.3,60.7,67.7,82.7,91.2,85.9,253.9,984.2,270,1,1,689.7,4,4,4,3,4,2,3,0.2,2,81.4,82.3,3465,46301,0.9,9.2,3.7,81,0.81,0.84,0.83,0.81,0.82,0.91,0.81,0.7,0.74
Canada,5,20200415,20200311,478,12.9,6.91,9097,9354,245.48,252.42,462353,103084,2782,85.71,86,81,37057765,89,17.2,14.3,7.6,9.8,5.7,75.3,60.7,67.7,82.7,91.2,85.9,253.9,984.2,270,1,1,689.7,4,4,4,3,4,2,3,0.2,2,81.4,82.3,3465,46301,0.9,9.2,3.7,81,0.81,0.84,0.83,0.81,0.82,0.91,0.81,0.7,0.74
Chile,1,20200328,20200321,4,0.21,0.05,1176,373,62.79,19.92,38040,,,80.95,62,14,18729160,70,11.5,37.8,8.6,12.4,7.2,58.3,60.2,39.3,70.1,82.3,127.5,103.3,14.5,220,0,1,696.1,3,4,2,3,4,2,3,0.8,1,87.5,79.52,1171,16388,0.8,8,3.4,67,0.67,0.72,0.69,0.71,0.72,0.67,0.64,0.63,0.56
Chile,2,20200404,20200321,17,0.91,0.21,2127,1176,113.57,62.79,48613,10573,565,71.43,81,62,18729160,70,11.5,37.8,8.6,12.4,7.2,58.3,60.2,39.3,70.1,82.3,127.5,103.3,14.5,220,0,1,696.1,3,4,2,3,4,2,3,0.8,1,87.5,79.52,1171,16388,0.8,8,3.4,67,0.67,0.72,0.69,0.71,0.72,0.67,0.64,0.63,0.56
Chile,3,20200411,20200321,43,2.3,0.91,2764,2127,147.58,113.57,76374,27761,1482,71.43,71,81,18729160,70,11.5,37.8,8.6,12.4,7.2,58.3,60.2,39.3,70.1,82.3,127.5,103.3,14.5,220,0,1,696.1,3,4,2,3,4,2,3,0.8,1,87.5,79.52,1171,16388,0.8,8,3.4,67,0.67,0.72,0.69,0.71,0.72,0.67,0.64,0.63,0.56
Chile,4,20200418,20200321,51,2.72,2.3,2751,2764,146.88,147.58,108891,32517,1736,71.43,71,71,18729160,70,11.5,37.8,8.6,12.4,7.2,58.3,60.2,39.3,70.1,82.3,127.5,103.3,14.5,220,0,1,696.1,3,4,2,3,4,2,3,0.8,1,87.5,79.52,1171,16388,0.8,8,3.4,67,0.67,0.72,0.69,0.71,0.72,0.67,0.64,0.63,0.56
China,1,20200118,20200111,1,0,0,21,41,0.02,0.03,,,,0,0,0,1392730000,79,10.9,25.6,9.2,17,3.8,48.2,48.6,45.7,64.4,54.3,104.6,181.2,234.2,420,1,0,273.4,2,1,2,3,3,2,1,0.2,2,58,76.25,442,9752,0.8,3.3,2.8,39,0.48,0.32,0.53,0.43,0.29,0.78,0.49,0.53,0.45
China,2,20200125,20200111,39,0.03,0,1235,21,0.89,0.02,,,,42.86,0,0,1392730000,79,10.9,25.6,9.2,17,3.8,48.2,48.6,45.7,64.4,54.3,104.6,181.2,234.2,420,1,0,273.4,2,1,2,3,3,2,1,0.2,2,58,76.25,442,9752,0.8,3.3,2.8,39,0.48,0.32,0.53,0.43,0.29,0.78,0.49,0.53,0.45
China,3,20200201,20200111,218,0.16,0.03,10524,1235,7.56,0.89,,,,71.43,43,0,1392730000,79,10.9,25.6,9.2,17,3.8,48.2,48.6,45.7,64.4,54.3,104.6,181.2,234.2,420,1,0,273.4,2,1,2,3,3,2,1,0.2,2,58,76.25,442,9752,0.8,3.3,2.8,39,0.48,0.32,0.53,0.43,0.29,0.78,0.49,0.53,0.45
China,4,20200208,20200111,464,0.33,0.16,22777,10524,16.35,7.56,,,,71.43,71,43,1392730000,79,10.9,25.6,9.2,17,3.8,48.2,48.6,45.7,64.4,54.3,104.6,181.2,234.2,420,1,0,273.4,2,1,2,3,3,2,1,0.2,2,58,76.25,442,9752,0.8,3.3,2.8,39,0.48,0.32,0.53,0.43,0.29,0.78,0.49,0.53,0.45
China,5,20200215,20200111,801,0.58,0.33,31978,22777,22.96,16.35,,,,66.67,71,71,1392730000,79,10.9,25.6,9.2,17,3.8,48.2,48.6,45.7,64.4,54.3,104.6,181.2,234.2,420,1,0,273.4,2,1,2,3,3,2,1,0.2,2,58,76.25,442,9752,0.8,3.3,2.8,39,0.48,0.32,0.53,0.43,0.29,0.78,0.49,0.53,0.45
China,6,20200222,20200111,824,0.59,0.58,9816,31978,7.05,22.96,,,,66.67,67,71,1392730000,79,10.9,25.6,9.2,17,3.8,48.2,48.6,45.7,64.4,54.3,104.6,181.2,234.2,420,1,0,273.4,2,1,2,3,3,2,1,0.2,2,58,76.25,442,9752,0.8,3.3,2.8,39,0.48,0.32,0.53,0.43,0.29,0.78,0.49,0.53,0.45
China,7,20200229,20200111,490,0.35,0.59,2997,9816,2.15,7.05,,,,76.19,67,67,1392730000,79,10.9,25.6,9.2,17,3.8,48.2,48.6,45.7,64.4,54.3,104.6,181.2,234.2,420,1,0,273.4,2,1,2,3,3,2,1,0.2,2,58,76.25,442,9752,0.8,3.3,2.8,39,0.48,0.32,0.53,0.43,0.29,0.78,0.49,0.53,0.45
China,8,20200307,20200111,235,0.17,0.35,1424,2997,1.02,2.15,,,,76.19,76,67,1392730000,79,10.9,25.6,9.2,17,3.8,48.2,48.6,45.7,64.4,54.3,104.6,181.2,234.2,420,1,0,273.4,2,1,2,3,3,2,1,0.2,2,58,76.25,442,9752,0.8,3.3,2.8,39,0.48,0.32,0.53,0.43,0.29,0.78,0.49,0.53,0.45
China,9,20200314,20200111,121,0.09,0.17,208,1424,0.15,1.02,,,,71.43,76,76,1392730000,79,10.9,25.6,9.2,17,3.8,48.2,48.6,45.7,64.4,54.3,104.6,181.2,234.2,420,1,0,273.4,2,1,2,3,3,2,1,0.2,2,58,76.25,442,9752,0.8,3.3,2.8,39,0.48,0.32,0.53,0.43,0.29,0.78,0.49,0.53,0.45
China,10,20200321,20200111,73,0.05,0.09,477,208,0.34,0.15,,,,66.67,71,76,1392730000,79,10.9,25.6,9.2,17,3.8,48.2,48.6,45.7,64.4,54.3,104.6,181.2,234.2,420,1,0,273.4,2,1,2,3,3,2,1,0.2,2,58,76.25,442,9752,0.8,3.3,2.8,39,0.48,0.32,0.53,0.43,0.29,0.78,0.49,0.53,0.45
China,11,20200328,20200111,34,0.02,0.05,715,477,0.51,0.34,,,,66.67,67,71,1392730000,79,10.9,25.6,9.2,17,3.8,48.2,48.6,45.7,64.4,54.3,104.6,181.2,234.2,420,1,0,273.4,2,1,2,3,3,2,1,0.2,2,58,76.25,442,9752,0.8,3.3,2.8,39,0.48,0.32,0.53,0.43,0.29,0.78,0.49,0.53,0.45
China,12,20200404,20200111,34,0.02,0.02,662,715,0.48,0.51,,,,61.9,67,67,1392730000,79,10.9,25.6,9.2,17,3.8,48.2,48.6,45.7,64.4,54.3,104.6,181.2,234.2,420,1,0,273.4,2,1,2,3,3,2,1,0.2,2,58,76.25,442,9752,0.8,3.3,2.8,39,0.48,0.32,0.53,0.43,0.29,0.78,0.49,0.53,0.45
China,13,20200411,20200111,14,0.01,0.02,508,662,0.36,0.48,,,,47.62,62,67,1392730000,79,10.9,25.6,9.2,17,3.8,48.2,48.6,45.7,64.4,54.3,104.6,181.2,234.2,420,1,0,273.4,2,1,2,3,3,2,1,0.2,2,58,76.25,442,9752,0.8,3.3,2.8,39,0.48,0.32,0.53,0.43,0.29,0.78,0.49,0.53,0.45
Colombia,1,20200330,20200323,4,0.08,0.02,412,162,8.3,3.26,15694,9759,197,88.1,60,31,49648685,76,8.5,9,7.4,15.8,9.1,44.2,43.5,34.3,51,62.3,126.8,182.1,108,150,0,1,167.3,2,3,2,2,2,0,3,1.8,1,80.4,74.38,526,6691,0.7,7,2.3,36,0.5,0.53,0.39,0.64,0.53,0.56,0.52,0.49,0.34
Colombia,2,20200406,20200323,26,0.52,0.08,798,412,16.07,8.3,25645,9951,200,88.1,88,60,49648685,76,8.5,9,7.4,15.8,9.1,44.2,43.5,34.3,51,62.3,126.8,182.1,108,150,0,1,167.3,2,3,2,2,2,0,3,1.8,1,80.4,74.38,526,6691,0.7,7,2.3,36,0.5,0.53,0.39,0.64,0.53,0.56,0.52,0.49,0.34
Colombia,3,20200413,20200323,68,1.37,0.52,1303,798,26.24,16.07,47716,22071,445,95.24,88,88,49648685,76,8.5,9,7.4,15.8,9.1,44.2,43.5,34.3,51,62.3,126.8,182.1,108,150,0,1,167.3,2,3,2,2,2,0,3,1.8,1,80.4,74.38,526,6691,0.7,7,2.3,36,0.5,0.53,0.39,0.64,0.53,0.56,0.52,0.49,0.34
Costa Rica,1,20200325,20200318,1,0.2,0.2,127,37,25.4,7.4,1813,961,192,85.71,71,43,4999441,77,9.5,11.9,9.1,11.5,11.5,45.1,36.6,24.8,71.7,71.6,130,115,79.6,120,0,1,276.5,3,4,2,4,4,2,3,0.5,2,78.6,79.83,933,12145,0.8,8.1,3.3,56,0.68,0.76,0.66,0.7,0.79,0.68,0.67,0.62,0.57
Costa Rica,2,20200401,20200318,0,0,0.2,137,127,27.4,25.4,4146,2333,467,85.71,86,71,4999441,77,9.5,11.9,9.1,11.5,11.5,45.1,36.6,24.8,71.7,71.6,130,115,79.6,120,0,1,276.5,3,4,2,4,4,2,3,0.5,2,78.6,79.83,933,12145,0.8,8.1,3.3,56,0.68,0.76,0.66,0.7,0.79,0.68,0.67,0.62,0.57
Costa Rica,3,20200408,20200318,0,0,0,153,137,30.6,27.4,5963,1817,363,100,86,86,4999441,77,9.5,11.9,9.1,11.5,11.5,45.1,36.6,24.8,71.7,71.6,130,115,79.6,120,0,1,276.5,3,4,2,4,4,2,3,0.5,2,78.6,79.83,933,12145,0.8,8.1,3.3,56,0.68,0.76,0.66,0.7,0.79,0.68,0.67,0.62,0.57
Costa Rica,4,20200415,20200318,1,0.2,0,145,153,29,30.6,7065,1102,220,85.71,100,86,4999441,77,9.5,11.9,9.1,11.5,11.5,45.1,36.6,24.8,71.7,71.6,130,115,79.6,120,0,1,276.5,3,4,2,4,4,2,3,0.5,2,78.6,79.83,933,12145,0.8,8.1,3.3,56,0.68,0.76,0.66,0.7,0.79,0.68,0.67,0.62,0.57
Croatia,1,20200401,20200325,5,1.22,0.24,485,301,118.64,73.63,7680,4062,994,100,100,81,4087843,71,20.4,37,5.4,16.7,8.4,53.3,32.4,46.5,68.2,67.1,103,312.6,651.2,560,1,1,262,2,3,3,4,4,2,2,0.3,0,56.7,78.02,1334,14600,0.8,6.6,3.4,48,0.61,0.58,0.58,0.61,0.67,0.85,0.56,0.57,0.51
Croatia,2,20200408,20200325,12,2.94,1.22,415,485,101.52,118.64,13125,5445,1332,100,100,100,4087843,71,20.4,37,5.4,16.7,8.4,53.3,32.4,46.5,68.2,67.1,103,312.6,651.2,560,1,1,262,2,3,3,4,4,2,2,0.3,0,56.7,78.02,1334,14600,0.8,6.6,3.4,48,0.61,0.58,0.58,0.61,0.67,0.85,0.56,0.57,0.51
Croatia,3,20200415,20200325,13,3.18,2.94,422,415,103.23,101.52,19256,6131,1500,100,100,100,4087843,71,20.4,37,5.4,16.7,8.4,53.3,32.4,46.5,68.2,67.1,103,312.6,651.2,560,1,1,262,2,3,3,4,4,2,2,0.3,0,56.7,78.02,1334,14600,0.8,6.6,3.4,48,0.61,0.58,0.58,0.61,0.67,0.85,0.56,0.57,0.51
Cuba,1,20200325,20200318,0,0,0.09,38,10,3.35,0.88,893,893,79,80.95,14,14,11338138,83,15.2,35.2,9.6,16.4,2.4,35.2,25.9,37.4,57.8,43,40.2,751.9,797.6,520,0,1,253.3,1,1,2,4,4,2,2,1,2,77,79.74,2202,9243,0.8,3,2.9,47,,,,,,,,,
Cuba,2,20200401,20200318,5,0.44,0,138,38,12.17,3.35,3342,2449,216,80.95,81,14,11338138,83,15.2,35.2,9.6,16.4,2.4,35.2,25.9,37.4,57.8,43,40.2,751.9,797.6,520,0,1,253.3,1,1,2,4,4,2,2,1,2,77,79.74,2202,9243,0.8,3,2.9,47,,,,,,,,,
Cuba,3,20200408,20200318,5,0.44,0.44,210,138,18.52,12.17,10725,7383,651,80.95,81,81,11338138,83,15.2,35.2,9.6,16.4,2.4,35.2,25.9,37.4,57.8,43,40.2,751.9,797.6,520,0,1,253.3,1,1,2,4,4,2,2,1,2,77,79.74,2202,9243,0.8,3,2.9,47,,,,,,,,,
Cuba,4,20200415,20200318,10,0.88,0.44,370,210,32.63,18.52,21837,11112,980,95.24,81,81,11338138,83,15.2,35.2,9.6,16.4,2.4,35.2,25.9,37.4,57.8,43,40.2,751.9,797.6,520,0,1,253.3,1,1,2,4,4,2,2,1,2,77,79.74,2202,9243,0.8,3,2.9,47,,,,,,,,,
Czech Republic,1,20200330,20200323,15,1.41,0.09,1664,867,156.54,81.56,48811,29187,2746,85.71,86,86,10629928,76,19.4,34.3,7,15,2.2,52,46.6,37.4,74,78.7,119,367.7,841.7,650,0,1,373.3,3,3,3,4,4,2,2,0,1,73.7,78.33,2034,23000,0.9,7.7,3.6,59,0.73,0.73,0.65,0.67,0.79,0.9,0.71,0.69,0.71
Czech Republic,2,20200406,20200323,51,4.8,1.41,1758,1664,165.38,156.54,91247,42436,3992,85.71,86,86,10629928,76,19.4,34.3,7,15,2.2,52,46.6,37.4,74,78.7,119,367.7,841.7,650,0,1,373.3,3,3,3,4,4,2,2,0,1,73.7,78.33,2034,23000,0.9,7.7,3.6,59,0.73,0.73,0.65,0.67,0.79,0.9,0.71,0.69,0.71
Czech Republic,3,20200413,20200323,71,6.68,4.8,1404,1758,132.08,165.38,131542,40295,3791,85.71,86,86,10629928,76,19.4,34.3,7,15,2.2,52,46.6,37.4,74,78.7,119,367.7,841.7,650,0,1,373.3,3,3,3,4,4,2,2,0,1,73.7,78.33,2034,23000,0.9,7.7,3.6,59,0.73,0.73,0.65,0.67,0.79,0.9,0.71,0.69,0.71
Denmark,1,20200322,20200315,12,2.07,0.17,462,828,79.74,142.92,11657,,,95.24,86,43,5793636,81,19.8,19.1,8.3,11.3,5,70.4,58.4,63.8,80.3,97.1,121.7,365.5,1701.4,250,1,1,698.4,4,4,3,2,4,2,3,0.1,2,87.8,80.7,4284,61049,0.9,9.2,3.7,88,0.9,0.94,0.95,0.88,0.92,0.93,0.9,0.86,0.83
Denmark,2,20200329,20200315,52,8.98,2.07,875,462,151.03,79.74,20198,8541,1474,95.24,95,86,5793636,81,19.8,19.1,8.3,11.3,5,70.4,58.4,63.8,80.3,97.1,121.7,365.5,1701.4,250,1,1,698.4,4,4,3,2,4,2,3,0.1,2,87.8,80.7,4284,61049,0.9,9.2,3.7,88,0.9,0.94,0.95,0.88,0.92,0.93,0.9,0.86,0.83
Denmark,3,20200405,20200315,96,16.57,8.98,1876,875,323.8,151.03,43734,23536,4062,95.24,95,95,5793636,81,19.8,19.1,8.3,11.3,5,70.4,58.4,63.8,80.3,97.1,121.7,365.5,1701.4,250,1,1,698.4,4,4,3,2,4,2,3,0.1,2,87.8,80.7,4284,61049,0.9,9.2,3.7,88,0.9,0.94,0.95,0.88,0.92,0.93,0.9,0.86,0.83
Denmark,4,20200412,20200315,99,17.09,16.57,1919,1876,331.23,323.8,70125,26391,4555,95.24,95,95,5793636,81,19.8,19.1,8.3,11.3,5,70.4,58.4,63.8,80.3,97.1,121.7,365.5,1701.4,250,1,1,698.4,4,4,3,2,4,2,3,0.1,2,87.8,80.7,4284,61049,0.9,9.2,3.7,88,0.9,0.94,0.95,0.88,0.92,0.93,0.9,0.86,0.83
Denmark,5,20200419,20200315,86,14.84,17.09,1246,1919,215.06,331.23,94277,24152,4169,95.24,95,95,5793636,81,19.8,19.1,8.3,11.3,5,70.4,58.4,63.8,80.3,97.1,121.7,365.5,1701.4,250,1,1,698.4,4,4,3,2,4,2,3,0.1,2,87.8,80.7,4284,61049,0.9,9.2,3.7,88,0.9,0.94,0.95,0.88,0.92,0.93,0.9,0.86,0.83
Dominican Republic,1,20200324,20200317,5,0.47,0.09,291,16,27.38,1.51,,,,76.19,38,24,10627165,74,7.1,13.7,8.6,19,5.9,38.3,47.3,16.1,59.3,63.9,81.4,149.4,133.4,160,0,1,418,1,2,3,4,4,2,2,0.4,1,80.3,73.86,428,7470,0.7,6.5,3,30,0.48,0.47,0.39,0.53,0.58,0.63,0.42,0.45,0.36
Dominican Republic,2,20200331,20200317,36,3.39,0.47,589,291,55.42,27.38,,,,85.71,76,38,10627165,74,7.1,13.7,8.6,19,5.9,38.3,47.3,16.1,59.3,63.9,81.4,149.4,133.4,160,0,1,418,1,2,3,4,4,2,2,0.4,1,80.3,73.86,428,7470,0.7,6.5,3,30,0.48,0.47,0.39,0.53,0.58,0.63,0.42,0.45,0.36
Dominican Republic,3,20200407,20200317,44,4.14,3.39,927,589,87.23,55.42,,,,85.71,86,76,10627165,74,7.1,13.7,8.6,19,5.9,38.3,47.3,16.1,59.3,63.9,81.4,149.4,133.4,160,0,1,418,1,2,3,4,4,2,2,0.4,1,80.3,73.86,428,7470,0.7,6.5,3,30,0.48,0.47,0.39,0.53,0.58,0.63,0.42,0.45,0.36
Dominican Republic,4,20200414,20200317,91,8.56,4.14,1339,927,126,87.23,,,,85.71,86,86,10627165,74,7.1,13.7,8.6,19,5.9,38.3,47.3,16.1,59.3,63.9,81.4,149.4,133.4,160,0,1,418,1,2,3,4,4,2,2,0.4,1,80.3,73.86,428,7470,0.7,6.5,3,30,0.48,0.47,0.39,0.53,0.58,0.63,0.42,0.45,0.36
Ecuador,1,20200323,20200316,5,0.29,0.06,495,22,28.97,1.29,2072,2072,121,85.71,57,19,17084357,77,7.2,7.1,5.5,13,3.8,50.1,39.5,35.2,57.1,57.3,83.5,166.5,208.4,150,1,1,381.7,1,2,2,3,3,2,2,1.2,1,63.7,76.33,483,6370,0.8,6.3,3,34,0.49,0.48,0.42,0.5,0.52,0.63,0.49,0.49,0.36
Ecuador,2,20200330,20200316,1,0.06,0.29,1303,495,76.27,28.97,4219,2147,126,85.71,86,57,17084357,77,7.2,7.1,5.5,13,3.8,50.1,39.5,35.2,57.1,57.3,83.5,166.5,208.4,150,1,1,381.7,1,2,2,3,3,2,2,1.2,1,63.7,76.33,483,6370,0.8,6.3,3,34,0.49,0.48,0.42,0.5,0.52,0.63,0.49,0.49,0.36
Ecuador,3,20200406,20200316,164,9.6,0.06,1630,1303,95.41,76.27,7590,3371,197,100,86,86,17084357,77,7.2,7.1,5.5,13,3.8,50.1,39.5,35.2,57.1,57.3,83.5,166.5,208.4,150,1,1,381.7,1,2,2,3,3,2,2,1.2,1,63.7,76.33,483,6370,0.8,6.3,3,34,0.49,0.48,0.42,0.5,0.52,0.63,0.49,0.49,0.36
Ecuador,4,20200413,20200316,161,9.42,9.6,4001,1630,234.19,95.41,14826,7236,424,100,100,86,17084357,77,7.2,7.1,5.5,13,3.8,50.1,39.5,35.2,57.1,57.3,83.5,166.5,208.4,150,1,1,381.7,1,2,2,3,3,2,2,1.2,1,63.7,76.33,483,6370,0.8,6.3,3,34,0.49,0.48,0.42,0.5,0.52,0.63,0.49,0.49,0.36
Egypt,1,20200315,20200308,1,0.01,0.01,61,48,0.62,0.49,,,,0,0,0,98423595,68,5.2,25.2,17.2,27.7,11.7,39.9,45,15.7,57.5,45,105.5,81.4,143.4,160,0,1,320.1,1,2,2,2,3,2,3,0.2,1,42.7,71.48,151,2565,0.7,3.4,2.5,35,0.36,0.27,0.4,0.22,0.28,0.57,0.37,0.39,0.37
Egypt,2,20200322,20200308,8,0.08,0.01,184,61,1.87,0.62,,,,80.95,0,0,98423595,68,5.2,25.2,17.2,27.7,11.7,39.9,45,15.7,57.5,45,105.5,81.4,143.4,160,0,1,320.1,1,2,2,2,3,2,3,0.2,1,42.7,71.48,151,2565,0.7,3.4,2.5,35,0.36,0.27,0.4,0.22,0.28,0.57,0.37,0.39,0.37
Egypt,3,20200329,20200308,26,0.26,0.08,282,184,2.87,1.87,,,,95.24,81,0,98423595,68,5.2,25.2,17.2,27.7,11.7,39.9,45,15.7,57.5,45,105.5,81.4,143.4,160,0,1,320.1,1,2,2,2,3,2,3,0.2,1,42.7,71.48,151,2565,0.7,3.4,2.5,35,0.36,0.27,0.4,0.22,0.28,0.57,0.37,0.39,0.37
Egypt,4,20200405,20200308,35,0.36,0.26,494,282,5.02,2.87,,,,95.24,95,81,98423595,68,5.2,25.2,17.2,27.7,11.7,39.9,45,15.7,57.5,45,105.5,81.4,143.4,160,0,1,320.1,1,2,2,2,3,2,3,0.2,1,42.7,71.48,151,2565,0.7,3.4,2.5,35,0.36,0.27,0.4,0.22,0.28,0.57,0.37,0.39,0.37
Egypt,5,20200412,20200308,75,0.76,0.36,869,494,8.83,5.02,,,,100,95,95,98423595,68,5.2,25.2,17.2,27.7,11.7,39.9,45,15.7,57.5,45,105.5,81.4,143.4,160,0,1,320.1,1,2,2,2,3,2,3,0.2,1,42.7,71.48,151,2565,0.7,3.4,2.5,35,0.36,0.27,0.4,0.22,0.28,0.57,0.37,0.39,0.37
Egypt,6,20200419,20200308,78,0.79,0.76,1093,869,11.11,8.83,,,,100,100,95,98423595,68,5.2,25.2,17.2,27.7,11.7,39.9,45,15.7,57.5,45,105.5,81.4,143.4,160,0,1,320.1,1,2,2,2,3,2,3,0.2,1,42.7,71.48,151,2565,0.7,3.4,2.5,35,0.36,0.27,0.4,0.22,0.28,0.57,0.37,0.39,0.37
Estonia,1,20200402,20200326,4,3.03,0.76,375,137,283.67,103.63,18270,10148,7676,71.43,71,57,1321977,75,19.6,31.3,4.2,17,5.4,57,47,31.6,73.3,88.1,130,343,636.7,500,1,1,450.9,4,3,2,3,4,2,1,0.4,2,68.7,77.74,1499,22982,0.9,8,3.3,73,0.81,0.83,0.79,0.81,0.82,0.89,0.79,0.8,0.71
Estonia,2,20200409,20200326,19,14.37,3.03,406,375,307.12,283.67,27870,9600,7262,71.43,71,71,1321977,75,19.6,31.3,4.2,17,5.4,57,47,31.6,73.3,88.1,130,343,636.7,500,1,1,450.9,4,3,2,3,4,2,1,0.4,2,68.7,77.74,1499,22982,0.9,8,3.3,73,0.81,0.83,0.79,0.81,0.82,0.89,0.79,0.8,0.71
Estonia,3,20200416,20200326,11,8.32,14.37,217,406,164.15,307.12,37581,9711,7346,71.43,71,71,1321977,75,19.6,31.3,4.2,17,5.4,57,47,31.6,73.3,88.1,130,343,636.7,500,1,1,450.9,4,3,2,3,4,2,1,0.4,2,68.7,77.74,1499,22982,0.9,8,3.3,73,0.81,0.83,0.79,0.81,0.82,0.89,0.79,0.8,0.71
Finland,1,20200328,20200321,6,1.09,0.18,504,311,91.38,56.39,20237,10596,1921,90.48,90,33,5515525,78,21.7,20.4,5.6,10.2,7.4,68.7,69.2,60.8,81.1,87.5,130,319.6,1503.2,440,1,1,837,4,4,2,3,3,2,2,0,2,85.3,81.78,3181,49787,0.9,9.1,3.5,85,0.87,0.92,0.89,0.86,0.91,0.91,0.86,0.81,0.83
Finland,2,20200404,20200321,13,2.36,1.09,590,504,106.97,91.38,31655,11418,2070,90.48,90,90,5515525,78,21.7,20.4,5.6,10.2,7.4,68.7,69.2,60.8,81.1,87.5,130,319.6,1503.2,440,1,1,837,4,4,2,3,3,2,2,0,2,85.3,81.78,3181,49787,0.9,9.1,3.5,85,0.87,0.92,0.89,0.86,0.91,0.91,0.86,0.81,0.83
Finland,3,20200411,20200321,28,5.08,2.36,1154,590,209.23,106.97,47465,15810,2866,90.48,90,90,5515525,78,21.7,20.4,5.6,10.2,7.4,68.7,69.2,60.8,81.1,87.5,130,319.6,1503.2,440,1,1,837,4,4,2,3,3,2,2,0,2,85.3,81.78,3181,49787,0.9,9.1,3.5,85,0.87,0.92,0.89,0.86,0.91,0.91,0.86,0.81,0.83
Finland,4,20200418,20200321,34,6.16,5.08,720,1154,130.54,209.23,62950,15485,2808,90.48,90,90,5515525,78,21.7,20.4,5.6,10.2,7.4,68.7,69.2,60.8,81.1,87.5,130,319.6,1503.2,440,1,1,837,4,4,2,3,3,2,2,0,2,85.3,81.78,3181,49787,0.9,9.1,3.5,85,0.87,0.92,0.89,0.86,0.91,0.91,0.86,0.81,0.83
France,1,20200222,20200215,0,0,0.01,1,0,0.01,0,,,,16.67,17,17,66977107,78,20,32.7,4.8,10.6,9.1,68.2,62.9,60.9,83,80.5,106.2,323.8,1060.5,650,1,1,466.6,4,4,2,2,4,2,3,0,1,80.2,82.27,3964,42583,0.9,7.8,3.1,72,0.73,0.73,0.74,0.78,0.73,0.75,0.76,0.71,0.62
France,2,20200229,20200215,1,0.01,0,88,1,1.31,0.01,146,146,2,38.1,17,17,66977107,78,20,32.7,4.8,10.6,9.1,68.2,62.9,60.9,83,80.5,106.2,323.8,1060.5,650,1,1,466.6,4,4,2,2,4,2,3,0,1,80.2,82.27,3964,42583,0.9,7.8,3.1,72,0.73,0.73,0.74,0.78,0.73,0.75,0.76,0.71,0.62
France,3,20200307,20200215,8,0.12,0.01,606,88,9.05,1.31,3594,3448,51,47.62,38,17,66977107,78,20,32.7,4.8,10.6,9.1,68.2,62.9,60.9,83,80.5,106.2,323.8,1060.5,650,1,1,466.6,4,4,2,2,4,2,3,0,1,80.2,82.27,3964,42583,0.9,7.8,3.1,72,0.73,0.73,0.74,0.78,0.73,0.75,0.76,0.71,0.62
France,4,20200314,20200215,81,1.21,0.12,3763,606,56.18,9.05,15018,11424,171,47.62,48,38,66977107,78,20,32.7,4.8,10.6,9.1,68.2,62.9,60.9,83,80.5,106.2,323.8,1060.5,650,1,1,466.6,4,4,2,2,4,2,3,0,1,80.2,82.27,3964,42583,0.9,7.8,3.1,72,0.73,0.73,0.74,0.78,0.73,0.75,0.76,0.71,0.62
France,5,20200321,20200215,471,7.03,1.21,9827,3763,146.72,56.18,36747,21729,324,95.24,48,48,66977107,78,20,32.7,4.8,10.6,9.1,68.2,62.9,60.9,83,80.5,106.2,323.8,1060.5,650,1,1,466.6,4,4,2,2,4,2,3,0,1,80.2,82.27,3964,42583,0.9,7.8,3.1,72,0.73,0.73,0.74,0.78,0.73,0.75,0.76,0.71,0.62
France,6,20200328,20200215,1430,21.35,7.03,18246,9827,272.42,146.72,107546,70799,1057,95.24,95,48,66977107,78,20,32.7,4.8,10.6,9.1,68.2,62.9,60.9,83,80.5,106.2,323.8,1060.5,650,1,1,466.6,4,4,2,2,4,2,3,0,1,80.2,82.27,3964,42583,0.9,7.8,3.1,72,0.73,0.73,0.74,0.78,0.73,0.75,0.76,0.71,0.62
France,7,20200404,20200215,4501,67.2,21.35,30994,18246,462.76,272.42,224254,116708,1743,95.24,95,95,66977107,78,20,32.7,4.8,10.6,9.1,68.2,62.9,60.9,83,80.5,106.2,323.8,1060.5,650,1,1,466.6,4,4,2,2,4,2,3,0,1,80.2,82.27,3964,42583,0.9,7.8,3.1,72,0.73,0.73,0.74,0.78,0.73,0.75,0.76,0.71,0.62
France,8,20200411,20200215,6686,99.83,67.2,26147,30994,390.39,462.76,333807,109553,1636,95.24,95,95,66977107,78,20,32.7,4.8,10.6,9.1,68.2,62.9,60.9,83,80.5,106.2,323.8,1060.5,650,1,1,466.6,4,4,2,2,4,2,3,0,1,80.2,82.27,3964,42583,0.9,7.8,3.1,72,0.73,0.73,0.74,0.78,0.73,0.75,0.76,0.71,0.62
France,9,20200418,20200215,5480,81.82,99.83,18480,26147,275.92,390.39,463662,129855,1939,95.24,95,95,66977107,78,20,32.7,4.8,10.6,9.1,68.2,62.9,60.9,83,80.5,106.2,323.8,1060.5,650,1,1,466.6,4,4,2,2,4,2,3,0,1,80.2,82.27,3964,42583,0.9,7.8,3.1,72,0.73,0.73,0.74,0.78,0.73,0.75,0.76,0.71,0.62
Germany,1,20200316,20200309,10,0.12,0.01,4873,981,58.78,11.83,252173,127457,1537,45.24,31,31,82905782,83,21.5,30.6,10.4,12.1,3.4,66,54.8,48.2,82.3,84.4,129.1,419.1,1379.4,830,1,1,678,4,4,3,3,4,2,2,0,2,77.3,80.64,4626,48363,0.9,8.7,3.5,80,0.84,0.85,0.82,0.79,0.85,0.89,0.85,0.85,0.79
Germany,2,20200323,20200309,82,0.99,0.12,18762,4873,226.31,58.78,600792,348619,4205,73.81,45,31,82905782,83,21.5,30.6,10.4,12.1,3.4,66,54.8,48.2,82.3,84.4,129.1,419.1,1379.4,830,1,1,678,4,4,3,3,4,2,2,0,2,77.3,80.64,4626,48363,0.9,8.7,3.5,80,0.84,0.85,0.82,0.79,0.85,0.89,0.85,0.85,0.79
Germany,3,20200330,20200309,361,4.35,0.99,32524,18762,392.3,226.31,962166,361374,4359,73.81,74,45,82905782,83,21.5,30.6,10.4,12.1,3.4,66,54.8,48.2,82.3,84.4,129.1,419.1,1379.4,830,1,1,678,4,4,3,3,4,2,2,0,2,77.3,80.64,4626,48363,0.9,8.7,3.5,80,0.84,0.85,0.82,0.79,0.85,0.89,0.85,0.85,0.79
Germany,4,20200406,20200309,979,11.81,4.35,38093,32524,459.47,392.3,1370339,408173,4923,73.81,74,74,82905782,83,21.5,30.6,10.4,12.1,3.4,66,54.8,48.2,82.3,84.4,129.1,419.1,1379.4,830,1,1,678,4,4,3,3,4,2,2,0,2,77.3,80.64,4626,48363,0.9,8.7,3.5,80,0.84,0.85,0.82,0.79,0.85,0.89,0.85,0.85,0.79
Germany,5,20200413,20200309,1365,16.46,11.81,27625,38093,333.21,459.47,1749220,378881,4570,85.71,74,74,82905782,83,21.5,30.6,10.4,12.1,3.4,66,54.8,48.2,82.3,84.4,129.1,419.1,1379.4,830,1,1,678,4,4,3,3,4,2,2,0,2,77.3,80.64,4626,48363,0.9,8.7,3.5,80,0.84,0.85,0.82,0.79,0.85,0.89,0.85,0.85,0.79
Greece,1,20200319,20200312,4,0.37,0.09,319,67,29.72,6.24,7172,7172,668,52.38,43,24,10731726,75,21.7,43.4,4.7,12.4,19.3,53.8,44,37.6,58.2,69.1,115.9,625.5,340.7,430,1,1,776.6,2,4,2,2,4,2,2,0.8,0,78.7,81.04,1374,19518,0.9,7.3,3.1,45,0.61,0.68,0.56,0.61,0.65,0.71,0.58,0.59,0.5
Greece,2,20200326,20200312,17,1.58,0.37,403,319,37.55,29.72,13477,6305,588,66.67,52,43,10731726,75,21.7,43.4,4.7,12.4,19.3,53.8,44,37.6,58.2,69.1,115.9,625.5,340.7,430,1,1,776.6,2,4,2,2,4,2,2,0.8,0,78.7,81.04,1374,19518,0.9,7.3,3.1,45,0.61,0.68,0.56,0.61,0.65,0.71,0.58,0.59,0.5
Greece,3,20200402,20200312,28,2.61,1.58,554,403,51.62,37.55,18844,5367,500,66.67,67,52,10731726,75,21.7,43.4,4.7,12.4,19.3,53.8,44,37.6,58.2,69.1,115.9,625.5,340.7,430,1,1,776.6,2,4,2,2,4,2,2,0.8,0,78.7,81.04,1374,19518,0.9,7.3,3.1,45,0.61,0.68,0.56,0.61,0.65,0.71,0.58,0.59,0.5
Greece,4,20200409,20200312,33,3.07,2.61,509,554,47.43,51.62,33634,14790,1378,66.67,67,67,10731726,75,21.7,43.4,4.7,12.4,19.3,53.8,44,37.6,58.2,69.1,115.9,625.5,340.7,430,1,1,776.6,2,4,2,2,4,2,2,0.8,0,78.7,81.04,1374,19518,0.9,7.3,3.1,45,0.61,0.68,0.56,0.61,0.65,0.71,0.58,0.59,0.5
Greece,5,20200416,20200312,19,1.77,3.07,308,509,28.7,47.43,49390,15756,1468,66.67,67,67,10731726,75,21.7,43.4,4.7,12.4,19.3,53.8,44,37.6,58.2,69.1,115.9,625.5,340.7,430,1,1,776.6,2,4,2,2,4,2,2,0.8,0,78.7,81.04,1374,19518,0.9,7.3,3.1,45,0.61,0.68,0.56,0.61,0.65,0.71,0.58,0.59,0.5
Honduras,1,20200402,20200326,9,0.94,0.1,120,40,12.52,4.17,,,,100,71,71,9587522,65,4.7,2,7.3,14,5.6,27.6,26.5,12,39.5,30,88.9,39,113.3,70,0,1,180.2,1,1,1,4,3,0,3,6.3,1,56.5,73.58,184,2526,0.6,5.6,2.7,29,0.4,0.34,0.32,0.42,0.41,0.66,0.39,0.41,0.26
Honduras,2,20200409,20200326,12,1.25,0.94,140,120,14.6,12.52,,,,100,100,71,9587522,65,4.7,2,7.3,14,5.6,27.6,26.5,12,39.5,30,88.9,39,113.3,70,0,1,180.2,1,1,1,4,3,0,3,6.3,1,56.5,73.58,184,2526,0.6,5.6,2.7,29,0.4,0.34,0.32,0.42,0.41,0.66,0.39,0.41,0.26
Honduras,3,20200416,20200326,9,0.94,1.25,107,140,11.16,14.6,,,,100,100,100,9587522,65,4.7,2,7.3,14,5.6,27.6,26.5,12,39.5,30,88.9,39,113.3,70,0,1,180.2,1,1,1,4,3,0,3,6.3,1,56.5,73.58,184,2526,0.6,5.6,2.7,29,0.4,0.34,0.32,0.42,0.41,0.66,0.39,0.41,0.26
Hungary,1,20200322,20200315,3,0.31,0.1,99,24,10.13,2.46,4443,3207,328,85.71,67,14,9775564,74,19.2,30.6,6.9,23,3.7,54,52.2,36.6,68.2,76.8,123.8,309.3,663.3,700,0,1,583,2,3,3,4,4,2,2,0.3,1,71.1,75.57,1293,16045,0.8,6.6,3.5,46,0.53,0.4,0.51,0.46,0.58,0.89,0.47,0.45,0.47
Hungary,2,20200329,20200315,9,0.92,0.31,277,99,28.34,10.13,12148,7705,788,90.48,86,67,9775564,74,19.2,30.6,6.9,23,3.7,54,52.2,36.6,68.2,76.8,123.8,309.3,663.3,700,0,1,583,2,3,3,4,4,2,2,0.3,1,71.1,75.57,1293,16045,0.8,6.6,3.5,46,0.53,0.4,0.51,0.46,0.58,0.89,0.47,0.45,0.47
Hungary,3,20200405,20200315,21,2.15,0.92,325,277,33.25,28.34,21250,9102,931,90.48,90,86,9775564,74,19.2,30.6,6.9,23,3.7,54,52.2,36.6,68.2,76.8,123.8,309.3,663.3,700,0,1,583,2,3,3,4,4,2,2,0.3,1,71.1,75.57,1293,16045,0.8,6.6,3.5,46,0.53,0.4,0.51,0.46,0.58,0.89,0.47,0.45,0.47
Hungary,4,20200412,20200315,65,6.65,2.15,677,325,69.25,33.25,33532,12282,1256,90.48,90,90,9775564,74,19.2,30.6,6.9,23,3.7,54,52.2,36.6,68.2,76.8,123.8,309.3,663.3,700,0,1,583,2,3,3,4,4,2,2,0.3,1,71.1,75.57,1293,16045,0.8,6.6,3.5,46,0.53,0.4,0.51,0.46,0.58,0.89,0.47,0.45,0.47
Hungary,5,20200419,20200315,90,9.21,6.65,506,677,51.76,69.25,46353,12821,1312,90.48,90,90,9775564,74,19.2,30.6,6.9,23,3.7,54,52.2,36.6,68.2,76.8,123.8,309.3,663.3,700,0,1,583,2,3,3,4,4,2,2,0.3,1,71.1,75.57,1293,16045,0.8,6.6,3.5,46,0.53,0.4,0.51,0.46,0.58,0.89,0.47,0.45,0.47
Iceland,1,20200327,20200320,1,2.84,2.84,393,292,1114.2,827.85,14594,4867,13798,52.38,38,14,352721,84,14.8,14.7,5.8,9.1,2.7,46.3,44,46.4,81.2,98.2,122.6,379.1,1517.6,320,1,1,716.1,4,4,4,4,4,2,3,0,1,93.8,82.47,3460,74278,0.9,9.6,3.9,76,,,,,,,,,
Iceland,2,20200403,20200320,2,5.67,2.84,517,393,1465.75,1114.2,23599,9005,25530,61.9,52,38,352721,84,14.8,14.7,5.8,9.1,2.7,46.3,44,46.4,81.2,98.2,122.6,379.1,1517.6,320,1,1,716.1,4,4,4,4,4,2,3,0,1,93.8,82.47,3460,74278,0.9,9.6,3.9,76,,,,,,,,,
Iceland,3,20200410,20200320,2,5.67,5.67,329,517,932.75,1465.75,34594,10995,31172,61.9,62,52,352721,84,14.8,14.7,5.8,9.1,2.7,46.3,44,46.4,81.2,98.2,122.6,379.1,1517.6,320,1,1,716.1,4,4,4,4,4,2,3,0,1,93.8,82.47,3460,74278,0.9,9.6,3.9,76,,,,,,,,,
Iceland,4,20200417,20200320,2,5.67,5.67,91,329,257.99,932.75,41050,6456,18303,61.9,62,62,352721,84,14.8,14.7,5.8,9.1,2.7,46.3,44,46.4,81.2,98.2,122.6,379.1,1517.6,320,1,1,716.1,4,4,4,4,4,2,3,0,1,93.8,82.47,3460,74278,0.9,9.6,3.9,76,,,,,,,,,
India,1,20200320,20200313,3,0,0,114,50,0.08,0.04,14376,7876,6,85.71,48,48,1352617328,55,6.2,11.5,10.4,23.3,5.3,46.5,52.4,42.7,54.4,29.5,87.3,75.8,209.4,70,1,0,155.9,1,4,2,3,3,2,2,4.3,2,33.6,68.56,61,1971,0.6,7.2,2.4,41,0.51,0.61,0.42,0.61,0.51,0.59,0.49,0.45,0.4
India,2,20200327,20200313,13,0.01,0,529,114,0.39,0.08,27688,13312,10,100,86,48,1352617328,55,6.2,11.5,10.4,23.3,5.3,46.5,52.4,42.7,54.4,29.5,87.3,75.8,209.4,70,1,0,155.9,1,4,2,3,3,2,2,4.3,2,33.6,68.56,61,1971,0.6,7.2,2.4,41,0.51,0.61,0.42,0.61,0.51,0.59,0.49,0.45,0.4
India,3,20200403,20200313,39,0.03,0.01,1577,529,1.17,0.39,69245,41557,31,100,100,86,1352617328,55,6.2,11.5,10.4,23.3,5.3,46.5,52.4,42.7,54.4,29.5,87.3,75.8,209.4,70,1,0,155.9,1,4,2,3,3,2,2,4.3,2,33.6,68.56,61,1971,0.6,7.2,2.4,41,0.51,0.61,0.42,0.61,0.51,0.59,0.49,0.45,0.4
India,4,20200410,20200313,143,0.11,0.03,4111,1577,3.04,1.17,161330,92085,68,100,100,100,1352617328,55,6.2,11.5,10.4,23.3,5.3,46.5,52.4,42.7,54.4,29.5,87.3,75.8,209.4,70,1,0,155.9,1,4,2,3,3,2,2,4.3,2,33.6,68.56,61,1971,0.6,7.2,2.4,41,0.51,0.61,0.42,0.61,0.51,0.59,0.49,0.45,0.4
India,5,20200417,20200313,238,0.18,0.11,6975,4111,5.16,3.04,335123,173793,128,100,100,100,1352617328,55,6.2,11.5,10.4,23.3,5.3,46.5,52.4,42.7,54.4,29.5,87.3,75.8,209.4,70,1,0,155.9,1,4,2,3,3,2,2,4.3,2,33.6,68.56,61,1971,0.6,7.2,2.4,41,0.51,0.61,0.42,0.61,0.51,0.59,0.49,0.45,0.4
Indonesia,1,20200318,20200311,18,0.07,0,200,25,0.75,0.09,1255,1255,5,71.43,33,38,267663435,57,5.9,39.4,6.3,26.4,4.4,56.6,54.3,39.4,53.7,32.3,130,20.1,130.3,120,1,1,135.4,2,3,2,2,3,2,2,0.9,2,54.7,69.19,162,3963,0.7,6.4,3.2,38,0.53,0.68,0.39,0.55,0.52,0.68,0.55,0.46,0.39
Indonesia,2,20200325,20200311,39,0.15,0.07,563,200,2.1,0.75,2863,1608,6,80.95,71,33,267663435,57,5.9,39.4,6.3,26.4,4.4,56.6,54.3,39.4,53.7,32.3,130,20.1,130.3,120,1,1,135.4,2,3,2,2,3,2,2,0.9,2,54.7,69.19,162,3963,0.7,6.4,3.2,38,0.53,0.68,0.39,0.55,0.52,0.68,0.55,0.46,0.39
Indonesia,3,20200401,20200311,99,0.37,0.15,887,563,3.31,2.1,6777,3914,15,80.95,81,71,267663435,57,5.9,39.4,6.3,26.4,4.4,56.6,54.3,39.4,53.7,32.3,130,20.1,130.3,120,1,1,135.4,2,3,2,2,3,2,2,0.9,2,54.7,69.19,162,3963,0.7,6.4,3.2,38,0.53,0.68,0.39,0.55,0.52,0.68,0.55,0.46,0.39
Indonesia,4,20200408,20200311,83,0.31,0.37,1279,887,4.78,3.31,14571,7794,29,80.95,81,81,267663435,57,5.9,39.4,6.3,26.4,4.4,56.6,54.3,39.4,53.7,32.3,130,20.1,130.3,120,1,1,135.4,2,3,2,2,3,2,2,0.9,2,54.7,69.19,162,3963,0.7,6.4,3.2,38,0.53,0.68,0.39,0.55,0.52,0.68,0.55,0.46,0.39
Indonesia,5,20200415,20200311,229,0.86,0.31,2180,1279,8.14,4.78,33001,18430,69,80.95,81,81,267663435,57,5.9,39.4,6.3,26.4,4.4,56.6,54.3,39.4,53.7,32.3,130,20.1,130.3,120,1,1,135.4,2,3,2,2,3,2,2,0.9,2,54.7,69.19,162,3963,0.7,6.4,3.2,38,0.53,0.68,0.39,0.55,0.52,0.68,0.55,0.46,0.39
Iran,1,20200226,20200219,17,0.21,0.01,137,2,1.67,0.02,,,,33.33,0,0,81800269,72,6.2,11,9.6,14.8,12.1,37.7,33.7,34.6,50.3,60.4,107.3,149.1,155.1,150,1,1,606.6,0,1,1,2,2,2,0,0,2,74.4,75.95,853,5105,0.8,2.5,2.5,28,0.43,0.37,0.43,0.28,0.22,0.73,0.46,0.55,0.37
Iran,2,20200304,20200219,73,0.89,0.21,2783,137,34.02,1.67,,,,33.33,33,0,81800269,72,6.2,11,9.6,14.8,12.1,37.7,33.7,34.6,50.3,60.4,107.3,149.1,155.1,150,1,1,606.6,0,1,1,2,2,2,0,0,2,74.4,75.95,853,5105,0.8,2.5,2.5,28,0.43,0.37,0.43,0.28,0.22,0.73,0.46,0.55,0.37
Iran,3,20200311,20200219,262,3.2,0.89,6078,2783,74.3,34.02,,,,61.9,33,33,81800269,72,6.2,11,9.6,14.8,12.1,37.7,33.7,34.6,50.3,60.4,107.3,149.1,155.1,150,1,1,606.6,0,1,1,2,2,2,0,0,2,74.4,75.95,853,5105,0.8,2.5,2.5,28,0.43,0.37,0.43,0.28,0.22,0.73,0.46,0.55,0.37
Iran,4,20200318,20200219,781,9.55,3.2,8361,6078,102.21,74.3,,,,66.67,62,33,81800269,72,6.2,11,9.6,14.8,12.1,37.7,33.7,34.6,50.3,60.4,107.3,149.1,155.1,150,1,1,606.6,0,1,1,2,2,2,0,0,2,74.4,75.95,853,5105,0.8,2.5,2.5,28,0.43,0.37,0.43,0.28,0.22,0.73,0.46,0.55,0.37
Iran,5,20200325,20200219,942,11.52,9.55,9656,8361,118.04,102.21,,,,66.67,67,62,81800269,72,6.2,11,9.6,14.8,12.1,37.7,33.7,34.6,50.3,60.4,107.3,149.1,155.1,150,1,1,606.6,0,1,1,2,2,2,0,0,2,74.4,75.95,853,5105,0.8,2.5,2.5,28,0.43,0.37,0.43,0.28,0.22,0.73,0.46,0.55,0.37
Iran,6,20200401,20200219,959,11.72,11.52,20576,9656,251.54,118.04,189790,,,76.19,67,67,81800269,72,6.2,11,9.6,14.8,12.1,37.7,33.7,34.6,50.3,60.4,107.3,149.1,155.1,150,1,1,606.6,0,1,1,2,2,2,0,0,2,74.4,75.95,853,5105,0.8,2.5,2.5,28,0.43,0.37,0.43,0.28,0.22,0.73,0.46,0.55,0.37
Iran,7,20200408,20200219,957,11.7,11.72,16993,20576,207.74,251.54,263388,73598,900,76.19,76,67,81800269,72,6.2,11,9.6,14.8,12.1,37.7,33.7,34.6,50.3,60.4,107.3,149.1,155.1,150,1,1,606.6,0,1,1,2,2,2,0,0,2,74.4,75.95,853,5105,0.8,2.5,2.5,28,0.43,0.37,0.43,0.28,0.22,0.73,0.46,0.55,0.37
Iran,8,20200415,20200219,784,9.58,11.7,11803,16993,144.29,207.74,341662,78274,957,66.67,76,76,81800269,72,6.2,11,9.6,14.8,12.1,37.7,33.7,34.6,50.3,60.4,107.3,149.1,155.1,150,1,1,606.6,0,1,1,2,2,2,0,0,2,74.4,75.95,853,5105,0.8,2.5,2.5,28,0.43,0.37,0.43,0.28,0.22,0.73,0.46,0.55,0.37
Iraq,1,20200311,20200304,5,0.13,0.03,34,31,0.88,0.81,,,,66.67,67,43,38433600,61,3.3,,8.8,21.3,13,25.8,19.5,11.8,29.2,49.4,87.1,85.4,181,140,0,1,377.5,0,1,0,0,1,0,0,0.4,1,70.3,69.86,154,5401,0.7,4.1,1.6,18,,,,,,,,,
Iraq,2,20200318,20200304,5,0.13,0.13,94,34,2.45,0.88,,,,85.71,67,67,38433600,61,3.3,,8.8,21.3,13,25.8,19.5,11.8,29.2,49.4,87.1,85.4,181,140,0,1,377.5,0,1,0,0,1,0,0,0.4,1,70.3,69.86,154,5401,0.7,4.1,1.6,18,,,,,,,,,
Iraq,3,20200325,20200304,17,0.44,0.13,182,94,4.74,2.45,,,,85.71,86,67,38433600,61,3.3,,8.8,21.3,13,25.8,19.5,11.8,29.2,49.4,87.1,85.4,181,140,0,1,377.5,0,1,0,0,1,0,0,0.4,1,70.3,69.86,154,5401,0.7,4.1,1.6,18,,,,,,,,,
Iraq,4,20200401,20200304,21,0.55,0.44,348,182,9.05,4.74,,,,85.71,86,86,38433600,61,3.3,,8.8,21.3,13,25.8,19.5,11.8,29.2,49.4,87.1,85.4,181,140,0,1,377.5,0,1,0,0,1,0,0,0.4,1,70.3,69.86,154,5401,0.7,4.1,1.6,18,,,,,,,,,
Iraq,5,20200408,20200304,15,0.39,0.55,428,348,11.14,9.05,,,,90.48,86,86,38433600,61,3.3,,8.8,21.3,13,25.8,19.5,11.8,29.2,49.4,87.1,85.4,181,140,0,1,377.5,0,1,0,0,1,0,0,0.4,1,70.3,69.86,154,5401,0.7,4.1,1.6,18,,,,,,,,,
Iraq,6,20200415,20200304,14,0.36,0.39,293,428,7.62,11.14,,,,90.48,90,86,38433600,61,3.3,,8.8,21.3,13,25.8,19.5,11.8,29.2,49.4,87.1,85.4,181,140,0,1,377.5,0,1,0,0,1,0,0,0.4,1,70.3,69.86,154,5401,0.7,4.1,1.6,18,,,,,,,,,
Ireland,1,20200318,20200311,1,0.21,0.21,249,41,51.16,8.42,6636,4852,997,52.38,7,7,4867309,76,13.9,24.3,3.2,10.3,5.7,59,45.1,40.2,77.4,84.5,102.9,296.1,1239.8,280,1,0,688.5,3,4,2,3,3,2,3,0.2,1,62.9,81.61,3819,78282,0.9,9.2,3.6,73,,,,,,,,,
Ireland,2,20200325,20200311,5,1.03,0.21,1037,249,213.05,51.16,17992,11356,2333,61.9,52,7,4867309,76,13.9,24.3,3.2,10.3,5.7,59,45.1,40.2,77.4,84.5,102.9,296.1,1239.8,280,1,0,688.5,3,4,2,3,3,2,3,0.2,1,62.9,81.61,3819,78282,0.9,9.2,3.6,73,,,,,,,,,
Ireland,3,20200401,20200311,64,13.15,1.03,1906,1037,391.59,213.05,30213,12221,2511,85.71,62,52,4867309,76,13.9,24.3,3.2,10.3,5.7,59,45.1,40.2,77.4,84.5,102.9,296.1,1239.8,280,1,0,688.5,3,4,2,3,3,2,3,0.2,1,62.9,81.61,3819,78282,0.9,9.2,3.6,73,,,,,,,,,
Ireland,4,20200408,20200311,139,28.56,13.15,2474,1906,508.29,391.59,42484,12271,2521,85.71,86,62,4867309,76,13.9,24.3,3.2,10.3,5.7,59,45.1,40.2,77.4,84.5,102.9,296.1,1239.8,280,1,0,688.5,3,4,2,3,3,2,3,0.2,1,62.9,81.61,3819,78282,0.9,9.2,3.6,73,,,,,,,,,
Ireland,5,20200415,20200311,196,40.27,28.56,5770,2474,1185.46,508.29,90646,48162,9895,85.71,86,86,4867309,76,13.9,24.3,3.2,10.3,5.7,59,45.1,40.2,77.4,84.5,102.9,296.1,1239.8,280,1,0,688.5,3,4,2,3,3,2,3,0.2,1,62.9,81.61,3819,78282,0.9,9.2,3.6,73,,,,,,,,,
Israel,1,20200228,20200221,0,0,0.11,4,1,0.45,0.11,1094,622,70,28.57,29,29,8882800,82,12,25.2,9.7,9.6,4,47.3,39.9,42.2,68.8,81.6,126.7,357.6,507.2,310,1,1,653.1,3,3,3,2,3,1,0,0.3,1,92.3,82.41,1777,41685,0.9,7.8,2.3,61,,,,,,,,,
Israel,2,20200306,20200221,0,0,0,14,4,1.58,0.45,2413,1319,148,38.1,29,29,8882800,82,12,25.2,9.7,9.6,4,47.3,39.9,42.2,68.8,81.6,126.7,357.6,507.2,310,1,1,653.1,3,3,3,2,3,1,0,0.3,1,92.3,82.41,1777,41685,0.9,7.8,2.3,61,,,,,,,,,
Israel,3,20200313,20200221,0,0,0,107,14,12.05,1.58,6399,3986,449,52.38,38,29,8882800,82,12,25.2,9.7,9.6,4,47.3,39.9,42.2,68.8,81.6,126.7,357.6,507.2,310,1,1,653.1,3,3,3,2,3,1,0,0.3,1,92.3,82.41,1777,41685,0.9,7.8,2.3,61,,,,,,,,,
Israel,4,20200320,20200221,1,0.11,0,586,107,65.97,12.05,19401,13002,1464,95.24,52,38,8882800,82,12,25.2,9.7,9.6,4,47.3,39.9,42.2,68.8,81.6,126.7,357.6,507.2,310,1,1,653.1,3,3,3,2,3,1,0,0.3,1,92.3,82.41,1777,41685,0.9,7.8,2.3,61,,,,,,,,,
Israel,5,20200327,20200221,9,1.01,0.11,2323,586,261.52,65.97,49475,30074,3386,100,95,52,8882800,82,12,25.2,9.7,9.6,4,47.3,39.9,42.2,68.8,81.6,126.7,357.6,507.2,310,1,1,653.1,3,3,3,2,3,1,0,0.3,1,92.3,82.41,1777,41685,0.9,7.8,2.3,61,,,,,,,,,
Israel,6,20200403,20200221,19,2.14,1.01,3176,2323,357.54,261.52,101655,52180,5874,100,100,95,8882800,82,12,25.2,9.7,9.6,4,47.3,39.9,42.2,68.8,81.6,126.7,357.6,507.2,310,1,1,653.1,3,3,3,2,3,1,0,0.3,1,92.3,82.41,1777,41685,0.9,7.8,2.3,61,,,,,,,,,
Israel,7,20200410,20200221,50,5.63,2.14,3544,3176,398.97,357.54,148494,46839,5273,100,100,100,8882800,82,12,25.2,9.7,9.6,4,47.3,39.9,42.2,68.8,81.6,126.7,357.6,507.2,310,1,1,653.1,3,3,3,2,3,1,0,0.3,1,92.3,82.41,1777,41685,0.9,7.8,2.3,61,,,,,,,,,
Israel,8,20200417,20200221,61,6.87,5.63,2836,3544,319.27,398.97,218637,70143,7896,100,100,100,8882800,82,12,25.2,9.7,9.6,4,47.3,39.9,42.2,68.8,81.6,126.7,357.6,507.2,310,1,1,653.1,3,3,3,2,3,1,0,0.3,1,92.3,82.41,1777,41685,0.9,7.8,2.3,61,,,,,,,,,
Italy,1,20200229,20200222,27,0.45,0.02,1117,8,18.49,0.13,18661,14337,237,66.67,48,29,60421760,82,22.8,23.7,5,9.5,10.6,56.2,47.5,36.8,65.5,61.3,130,402.1,571.8,340,1,1,791.9,2,2,2,2,4,2,3,1.4,0,70.1,82.54,2552,35004,0.9,7.7,3.2,52,0.66,0.71,0.63,0.63,0.73,0.75,0.61,0.56,0.64
Italy,2,20200307,20200222,205,3.39,0.45,4755,1117,78.7,18.49,42062,23401,387,71.43,67,48,60421760,82,22.8,23.7,5,9.5,10.6,56.2,47.5,36.8,65.5,61.3,130,402.1,571.8,340,1,1,791.9,2,2,2,2,4,2,3,1.4,0,70.1,82.54,2552,35004,0.9,7.7,3.2,52,0.66,0.71,0.63,0.63,0.73,0.75,0.61,0.56,0.64
Italy,3,20200314,20200222,1207,19.98,3.39,15274,4755,252.79,78.7,109170,67108,1111,90.48,71,67,60421760,82,22.8,23.7,5,9.5,10.6,56.2,47.5,36.8,65.5,61.3,130,402.1,571.8,340,1,1,791.9,2,2,2,2,4,2,3,1.4,0,70.1,82.54,2552,35004,0.9,7.7,3.2,52,0.66,0.71,0.63,0.63,0.73,0.75,0.61,0.56,0.64
Italy,4,20200321,20200222,3386,56.04,19.98,32421,15274,536.58,252.79,233222,124052,2053,95.24,90,71,60421760,82,22.8,23.7,5,9.5,10.6,56.2,47.5,36.8,65.5,61.3,130,402.1,571.8,340,1,1,791.9,2,2,2,2,4,2,3,1.4,0,70.1,82.54,2552,35004,0.9,7.7,3.2,52,0.66,0.71,0.63,0.63,0.73,0.75,0.61,0.56,0.64
Italy,5,20200328,20200222,4309,71.32,56.04,32920,32421,544.84,536.58,429526,196304,3249,95.24,95,90,60421760,82,22.8,23.7,5,9.5,10.6,56.2,47.5,36.8,65.5,61.3,130,402.1,571.8,340,1,1,791.9,2,2,2,2,4,2,3,1.4,0,70.1,82.54,2552,35004,0.9,7.7,3.2,52,0.66,0.71,0.63,0.63,0.73,0.75,0.61,0.56,0.64
Italy,6,20200404,20200222,5545,91.77,71.32,33329,32920,551.61,544.84,657224,227698,3768,95.24,95,95,60421760,82,22.8,23.7,5,9.5,10.6,56.2,47.5,36.8,65.5,61.3,130,402.1,571.8,340,1,1,791.9,2,2,2,2,4,2,3,1.4,0,70.1,82.54,2552,35004,0.9,7.7,3.2,52,0.66,0.71,0.63,0.63,0.73,0.75,0.61,0.56,0.64
Italy,7,20200411,20200222,4170,69.01,91.77,27750,33329,459.27,551.61,963473,306249,5069,95.24,95,95,60421760,82,22.8,23.7,5,9.5,10.6,56.2,47.5,36.8,65.5,61.3,130,402.1,571.8,340,1,1,791.9,2,2,2,2,4,2,3,1.4,0,70.1,82.54,2552,35004,0.9,7.7,3.2,52,0.66,0.71,0.63,0.63,0.73,0.75,0.61,0.56,0.64
Italy,8,20200418,20200222,3896,64.48,69.01,24857,27750,411.39,459.27,1305833,342360,5666,95.24,95,95,60421760,82,22.8,23.7,5,9.5,10.6,56.2,47.5,36.8,65.5,61.3,130,402.1,571.8,340,1,1,791.9,2,2,2,2,4,2,3,1.4,0,70.1,82.54,2552,35004,0.9,7.7,3.2,52,0.66,0.71,0.63,0.63,0.73,0.75,0.61,0.56,0.64
Japan,1,20200220,20200213,0,0,0.01,60,8,0.47,0.06,0,,0,28.57,19,19,126529100,83,27.6,22.1,5.6,8.4,2.4,59.8,53.6,46.6,71.7,90.9,130,236.7,1124.1,1340,1,1,617.8,3,4,3,3,4,2,2,0.2,1,91.5,83.98,3839,39074,0.9,8,3.6,73,0.78,0.71,0.82,0.68,0.77,0.92,0.79,0.79,0.76
Japan,2,20200227,20200213,3,0.02,0,94,60,0.74,0.47,2058,2058,16,47.62,29,19,126529100,83,27.6,22.1,5.6,8.4,2.4,59.8,53.6,46.6,71.7,90.9,130,236.7,1124.1,1340,1,1,617.8,3,4,3,3,4,2,2,0.2,1,91.5,83.98,3839,39074,0.9,8,3.6,73,0.78,0.71,0.82,0.68,0.77,0.92,0.79,0.79,0.76
Japan,3,20200305,20200213,2,0.02,0.02,162,94,1.28,0.74,6777,4719,37,57.14,48,29,126529100,83,27.6,22.1,5.6,8.4,2.4,59.8,53.6,46.6,71.7,90.9,130,236.7,1124.1,1340,1,1,617.8,3,4,3,3,4,2,2,0.2,1,91.5,83.98,3839,39074,0.9,8,3.6,73,0.78,0.71,0.82,0.68,0.77,0.92,0.79,0.79,0.76
Japan,4,20200312,20200213,9,0.07,0.02,271,162,2.14,1.28,10205,3428,27,61.9,57,48,126529100,83,27.6,22.1,5.6,8.4,2.4,59.8,53.6,46.6,71.7,90.9,130,236.7,1124.1,1340,1,1,617.8,3,4,3,3,4,2,2,0.2,1,91.5,83.98,3839,39074,0.9,8,3.6,73,0.78,0.71,0.82,0.68,0.77,0.92,0.79,0.79,0.76
Japan,5,20200319,20200213,18,0.14,0.07,330,271,2.61,2.14,15354,5149,41,61.9,62,57,126529100,83,27.6,22.1,5.6,8.4,2.4,59.8,53.6,46.6,71.7,90.9,130,236.7,1124.1,1340,1,1,617.8,3,4,3,3,4,2,2,0.2,1,91.5,83.98,3839,39074,0.9,8,3.6,73,0.78,0.71,0.82,0.68,0.77,0.92,0.79,0.79,0.76
Japan,6,20200326,20200213,12,0.09,0.14,341,330,2.7,2.61,25171,9817,78,61.9,62,62,126529100,83,27.6,22.1,5.6,8.4,2.4,59.8,53.6,46.6,71.7,90.9,130,236.7,1124.1,1340,1,1,617.8,3,4,3,3,4,2,2,0.2,1,91.5,83.98,3839,39074,0.9,8,3.6,73,0.78,0.71,0.82,0.68,0.77,0.92,0.79,0.79,0.76
Japan,7,20200402,20200213,12,0.09,0.09,1093,341,8.64,2.7,34510,9339,74,61.9,62,62,126529100,83,27.6,22.1,5.6,8.4,2.4,59.8,53.6,46.6,71.7,90.9,130,236.7,1124.1,1340,1,1,617.8,3,4,3,3,4,2,2,0.2,1,91.5,83.98,3839,39074,0.9,8,3.6,73,0.78,0.71,0.82,0.68,0.77,0.92,0.79,0.79,0.76
Japan,8,20200409,20200213,28,0.22,0.09,2384,1093,18.84,8.64,64387,29877,236,66.67,62,62,126529100,83,27.6,22.1,5.6,8.4,2.4,59.8,53.6,46.6,71.7,90.9,130,236.7,1124.1,1340,1,1,617.8,3,4,3,3,4,2,2,0.2,1,91.5,83.98,3839,39074,0.9,8,3.6,73,0.78,0.71,0.82,0.68,0.77,0.92,0.79,0.79,0.76
Japan,9,20200416,20200213,51,0.4,0.22,3814,2384,30.14,18.84,100703,36316,287,66.67,67,62,126529100,83,27.6,22.1,5.6,8.4,2.4,59.8,53.6,46.6,71.7,90.9,130,236.7,1124.1,1340,1,1,617.8,3,4,3,3,4,2,2,0.2,1,91.5,83.98,3839,39074,0.9,8,3.6,73,0.78,0.71,0.82,0.68,0.77,0.92,0.79,0.79,0.76
Lebanon,1,20200318,20200311,3,0.44,0.15,59,48,8.61,7.01,,,,100,43,43,6848925,73,7,33.8,11.2,17.9,,43.1,47.9,23.8,45.5,76.1,81.4,238,256.2,290,1,0,368.7,1,0,1,1,1,0,0,0,1,88.4,79.58,598,9090,0.8,4.6,2.2,28,0.45,0.5,0.36,0.4,0.5,0.66,0.45,0.42,0.35
Lebanon,2,20200325,20200311,0,0,0.44,213,59,31.1,8.61,,,,100,100,43,6848925,73,7,33.8,11.2,17.9,,43.1,47.9,23.8,45.5,76.1,81.4,238,256.2,290,1,0,368.7,1,0,1,1,1,0,0,0,1,88.4,79.58,598,9090,0.8,4.6,2.2,28,0.45,0.5,0.36,0.4,0.5,0.66,0.45,0.42,0.35
Lebanon,3,20200401,20200311,8,1.17,0,146,213,21.32,31.1,,,,100,100,100,6848925,73,7,33.8,11.2,17.9,,43.1,47.9,23.8,45.5,76.1,81.4,238,256.2,290,1,0,368.7,1,0,1,1,1,0,0,0,1,88.4,79.58,598,9090,0.8,4.6,2.2,28,0.45,0.5,0.36,0.4,0.5,0.66,0.45,0.42,0.35
Lebanon,4,20200408,20200311,7,1.02,1.17,96,146,14.02,21.32,,,,100,100,100,6848925,73,7,33.8,11.2,17.9,,43.1,47.9,23.8,45.5,76.1,81.4,238,256.2,290,1,0,368.7,1,0,1,1,1,0,0,0,1,88.4,79.58,598,9090,0.8,4.6,2.2,28,0.45,0.5,0.36,0.4,0.5,0.66,0.45,0.42,0.35
Lebanon,5,20200415,20200311,2,0.29,1.02,83,96,12.12,14.02,,,,100,100,100,6848925,73,7,33.8,11.2,17.9,,43.1,47.9,23.8,45.5,76.1,81.4,238,256.2,290,1,0,368.7,1,0,1,1,1,0,0,0,1,88.4,79.58,598,9090,0.8,4.6,2.2,28,0.45,0.5,0.36,0.4,0.5,0.66,0.45,0.42,0.35
Luxembourg,1,20200320,20200313,4,6.58,1.64,446,36,733.61,59.22,,,,80.95,43,14,607950,83,14.2,23.5,5,10,5.6,43.8,27.3,37.9,84.7,97.8,130,292.1,1232.6,480,1,1,716.1,4,4,4,3,4,2,2,0.2,2,90.7,82.29,5176,117800,0.9,8.8,,81,,,,,,,,,
Luxembourg,2,20200327,20200313,4,6.58,6.58,969,446,1593.88,733.61,,,,80.95,81,43,607950,83,14.2,23.5,5,10,5.6,43.8,27.3,37.9,84.7,97.8,130,292.1,1232.6,480,1,1,716.1,4,4,4,3,4,2,2,0.2,2,90.7,82.29,5176,117800,0.9,8.8,,81,,,,,,,,,
Luxembourg,3,20200403,20200313,21,34.54,6.58,1034,969,1700.8,1593.88,21463,,,80.95,81,81,607950,83,14.2,23.5,5,10,5.6,43.8,27.3,37.9,84.7,97.8,130,292.1,1232.6,480,1,1,716.1,4,4,4,3,4,2,2,0.2,2,90.7,82.29,5176,117800,0.9,8.8,,81,,,,,,,,,
Luxembourg,4,20200410,20200313,22,36.19,34.54,628,1034,1032.98,1700.8,28273,6810,11202,80.95,81,81,607950,83,14.2,23.5,5,10,5.6,43.8,27.3,37.9,84.7,97.8,130,292.1,1232.6,480,1,1,716.1,4,4,4,3,4,2,2,0.2,2,90.7,82.29,5176,117800,0.9,8.8,,81,,,,,,,,,
Luxembourg,5,20200417,20200313,17,27.96,36.19,329,628,541.16,1032.98,32394,4121,6779,80.95,81,81,607950,83,14.2,23.5,5,10,5.6,43.8,27.3,37.9,84.7,97.8,130,292.1,1232.6,480,1,1,716.1,4,4,4,3,4,2,2,0.2,2,90.7,82.29,5176,117800,0.9,8.8,,81,,,,,,,,,
Malaysia,1,20200325,20200318,14,0.44,0.03,1123,544,35.62,17.25,15820,8947,284,85.71,86,33,31528585,73,6.7,21.5,16.7,17.2,3.3,62.2,61.3,57.1,72,80.1,130,153.3,412.4,190,0,0,395.7,2,3,2,3,3,2,3,0,2,75.4,75.3,531,11191,0.8,6.9,3.5,47,0.58,0.58,0.6,0.42,0.52,0.79,0.57,0.63,0.56
Malaysia,2,20200401,20200318,27,0.86,0.44,970,1123,30.77,35.62,35802,19982,634,85.71,86,86,31528585,73,6.7,21.5,16.7,17.2,3.3,62.2,61.3,57.1,72,80.1,130,153.3,412.4,190,0,0,395.7,2,3,2,3,3,2,3,0,2,75.4,75.3,531,11191,0.8,6.9,3.5,47,0.58,0.58,0.6,0.42,0.52,0.79,0.57,0.63,0.56
Malaysia,3,20200408,20200318,20,0.63,0.86,1197,970,37.97,30.77,58240,22438,712,85.71,86,86,31528585,73,6.7,21.5,16.7,17.2,3.3,62.2,61.3,57.1,72,80.1,130,153.3,412.4,190,0,0,395.7,2,3,2,3,3,2,3,0,2,75.4,75.3,531,11191,0.8,6.9,3.5,47,0.58,0.58,0.6,0.42,0.52,0.79,0.57,0.63,0.56
Malaysia,4,20200415,20200318,19,0.6,0.63,1024,1197,32.48,37.97,87183,28943,918,85.71,86,86,31528585,73,6.7,21.5,16.7,17.2,3.3,62.2,61.3,57.1,72,80.1,130,153.3,412.4,190,0,0,395.7,2,3,2,3,3,2,3,0,2,75.4,75.3,531,11191,0.8,6.9,3.5,47,0.58,0.58,0.6,0.42,0.52,0.79,0.57,0.63,0.56
Mexico,1,20200326,20200319,4,0.03,0.01,360,107,2.85,0.85,3732,2465,20,80.95,5,5,126190788,76,7.2,14,13.5,15.7,3.5,57.6,50.8,46.9,57,63.9,88.5,223.1,264.5,150,1,0,392.4,1,2,2,2,3,2,1,0.6,0,79.9,77.12,507,9360,0.8,6.2,2.4,28,0.44,0.46,0.27,0.6,0.52,0.53,0.45,0.39,0.3
Mexico,2,20200402,20200319,24,0.19,0.03,737,360,5.84,2.85,9514,5782,46,85.71,81,5,126190788,76,7.2,14,13.5,15.7,3.5,57.6,50.8,46.9,57,63.9,88.5,223.1,264.5,150,1,0,392.4,1,2,2,2,3,2,1,0.6,0,79.9,77.12,507,9360,0.8,6.2,2.4,28,0.44,0.46,0.27,0.6,0.52,0.53,0.45,0.39,0.3
Mexico,3,20200409,20200319,112,0.89,0.19,1570,737,12.44,5.84,21391,11877,94,85.71,86,81,126190788,76,7.2,14,13.5,15.7,3.5,57.6,50.8,46.9,57,63.9,88.5,223.1,264.5,150,1,0,392.4,1,2,2,2,3,2,1,0.6,0,79.9,77.12,507,9360,0.8,6.2,2.4,28,0.44,0.46,0.27,0.6,0.52,0.53,0.45,0.39,0.3
Mexico,4,20200416,20200319,265,2.1,0.89,2614,1570,20.71,12.44,32808,11417,90,85.71,86,86,126190788,76,7.2,14,13.5,15.7,3.5,57.6,50.8,46.9,57,63.9,88.5,223.1,264.5,150,1,0,392.4,1,2,2,2,3,2,1,0.6,0,79.9,77.12,507,9360,0.8,6.2,2.4,28,0.44,0.46,0.27,0.6,0.52,0.53,0.45,0.39,0.3
Morocco,1,20200317,20200310,1,0.03,0.03,35,2,0.97,0.06,317,317,9,42.86,0,0,36029138,70,7,23.4,7,12.4,9.3,43.7,51.5,29.5,55.9,61.8,122.9,61.8,87.2,110,0,0,226.4,1,1,1,2,3,2,2,0.2,1,61.9,75.82,218,3274,0.7,5,2.9,43,0.5,0.51,0.44,0.44,0.45,0.68,0.56,0.54,0.38
Morocco,2,20200324,20200310,2,0.06,0.03,105,35,2.91,0.97,855,538,15,71.43,43,0,36029138,70,7,23.4,7,12.4,9.3,43.7,51.5,29.5,55.9,61.8,122.9,61.8,87.2,110,0,0,226.4,1,1,1,2,3,2,2,0.2,1,61.9,75.82,218,3274,0.7,5,2.9,43,0.5,0.51,0.44,0.44,0.45,0.68,0.56,0.54,0.38
Morocco,3,20200331,20200310,29,0.8,0.06,431,105,11.96,2.91,3079,2224,62,85.71,71,43,36029138,70,7,23.4,7,12.4,9.3,43.7,51.5,29.5,55.9,61.8,122.9,61.8,87.2,110,0,0,226.4,1,1,1,2,3,2,2,0.2,1,61.9,75.82,218,3274,0.7,5,2.9,43,0.5,0.51,0.44,0.44,0.45,0.68,0.56,0.54,0.38
Morocco,4,20200407,20200310,50,1.39,0.8,567,431,15.74,11.96,5437,2358,65,85.71,86,71,36029138,70,7,23.4,7,12.4,9.3,43.7,51.5,29.5,55.9,61.8,122.9,61.8,87.2,110,0,0,226.4,1,1,1,2,3,2,2,0.2,1,61.9,75.82,218,3274,0.7,5,2.9,43,0.5,0.51,0.44,0.44,0.45,0.68,0.56,0.54,0.38
Morocco,5,20200414,20200310,43,1.19,1.39,697,567,19.35,15.74,9922,4485,124,85.71,86,86,36029138,70,7,23.4,7,12.4,9.3,43.7,51.5,29.5,55.9,61.8,122.9,61.8,87.2,110,0,0,226.4,1,1,1,2,3,2,2,0.2,1,61.9,75.82,218,3274,0.7,5,2.9,43,0.5,0.51,0.44,0.44,0.45,0.68,0.56,0.54,0.38
Netherlands,1,20200313,20200306,9,0.52,0.06,676,126,39.23,7.31,14555,14555,845,47.62,5,0,17231624,86,19.2,25.8,5.4,11.2,3.8,75.6,79.1,70.2,81.7,93.2,120.5,347.8,1054.2,470,1,1,601.3,4,4,2,3,4,2,3,0,2,91.1,81.51,4252,53200,0.9,8.9,3.5,82,0.84,0.86,0.88,0.82,0.84,0.85,0.85,0.85,0.76
Netherlands,2,20200320,20200306,96,5.57,0.52,2190,676,127.09,39.23,32420,17865,1037,80.95,48,5,17231624,86,19.2,25.8,5.4,11.2,3.8,75.6,79.1,70.2,81.7,93.2,120.5,347.8,1054.2,470,1,1,601.3,4,4,2,3,4,2,3,0,2,91.1,81.51,4252,53200,0.9,8.9,3.5,82,0.84,0.86,0.88,0.82,0.84,0.85,0.85,0.85,0.76
Netherlands,3,20200327,20200306,328,19.03,5.57,4437,2190,257.49,127.09,56033,23613,1370,85.71,81,48,17231624,86,19.2,25.8,5.4,11.2,3.8,75.6,79.1,70.2,81.7,93.2,120.5,347.8,1054.2,470,1,1,601.3,4,4,2,3,4,2,3,0,2,91.1,81.51,4252,53200,0.9,8.9,3.5,82,0.84,0.86,0.88,0.82,0.84,0.85,0.85,0.85,0.76
Netherlands,4,20200403,20200306,905,52.52,19.03,7266,4437,421.67,257.49,88064,32031,1859,85.71,86,81,17231624,86,19.2,25.8,5.4,11.2,3.8,75.6,79.1,70.2,81.7,93.2,120.5,347.8,1054.2,470,1,1,601.3,4,4,2,3,4,2,3,0,2,91.1,81.51,4252,53200,0.9,8.9,3.5,82,0.84,0.86,0.88,0.82,0.84,0.85,0.85,0.85,0.76
Netherlands,5,20200410,20200306,1057,61.34,52.52,7065,7266,410,421.67,126261,38197,2217,85.71,86,86,17231624,86,19.2,25.8,5.4,11.2,3.8,75.6,79.1,70.2,81.7,93.2,120.5,347.8,1054.2,470,1,1,601.3,4,4,2,3,4,2,3,0,2,91.1,81.51,4252,53200,0.9,8.9,3.5,82,0.84,0.86,0.88,0.82,0.84,0.85,0.85,0.85,0.76
Netherlands,6,20200417,20200306,919,53.33,61.34,7452,7065,432.46,410,163988,37727,2189,85.71,86,86,17231624,86,19.2,25.8,5.4,11.2,3.8,75.6,79.1,70.2,81.7,93.2,120.5,347.8,1054.2,470,1,1,601.3,4,4,2,3,4,2,3,0,2,91.1,81.51,4252,53200,0.9,8.9,3.5,82,0.84,0.86,0.88,0.82,0.84,0.85,0.85,0.85,0.76
New Zealand,1,20200405,20200329,0,0,0.21,396,410,81.8,84.69,40218,19925,4116,100,100,43,4841000,87,15.7,16,6.2,10.1,4.3,54,58.1,45.2,77.2,88.5,130,306.1,1114.8,280,1,1,497.5,4,4,4,3,4,2,3,0.2,2,86.5,81.61,2882,41807,0.9,9.3,3.8,87,0.83,0.85,0.87,0.82,0.81,0.89,0.85,0.78,0.72
New Zealand,2,20200412,20200329,3,0.62,0,177,396,36.56,81.8,62827,22609,4670,100,100,100,4841000,87,15.7,16,6.2,10.1,4.3,54,58.1,45.2,77.2,88.5,130,306.1,1114.8,280,1,1,497.5,4,4,4,3,4,2,3,0.2,2,86.5,81.61,2882,41807,0.9,9.3,3.8,87,0.83,0.85,0.87,0.82,0.81,0.89,0.85,0.78,0.72
New Zealand,3,20200419,20200329,7,1.45,0.62,49,177,10.12,36.56,86305,23478,4850,100,100,100,4841000,87,15.7,16,6.2,10.1,4.3,54,58.1,45.2,77.2,88.5,130,306.1,1114.8,280,1,1,497.5,4,4,4,3,4,2,3,0.2,2,86.5,81.61,2882,41807,0.9,9.3,3.8,87,0.83,0.85,0.87,0.82,0.81,0.89,0.85,0.78,0.72
Norway,1,20200320,20200313,6,1.13,0.188255989,992,637,186.75,119.92,43735,25673,4833,76.19,52,14,5311916,87,17,20.2,5.3,9.2,3.8,64.6,58.2,58.5,87.1,96.5,107.8,438.5,1782.4,390,1,1,900.7,4,4,4,3,4,2,4,0,2,81.9,82.51,5281,81911,1,9.9,3.5,84,0.89,0.94,0.94,0.89,0.91,0.93,0.87,0.85,0.83
Norway,2,20200327,20200313,7,1.32,1.13,1414,992,266.19,186.75,78036,34301,6457,85.71,76,52,5311916,87,17,20.2,5.3,9.2,3.8,64.6,58.2,58.5,87.1,96.5,107.8,438.5,1782.4,390,1,1,900.7,4,4,4,3,4,2,4,0,2,81.9,82.51,5281,81911,1,9.9,3.5,84,0.89,0.94,0.94,0.89,0.91,0.93,0.87,0.85,0.83
Norway,3,20200403,20200313,28,5.27,1.32,1779,1414,334.91,266.19,101986,23950,4509,85.71,86,76,5311916,87,17,20.2,5.3,9.2,3.8,64.6,58.2,58.5,87.1,96.5,107.8,438.5,1782.4,390,1,1,900.7,4,4,4,3,4,2,4,0,2,81.9,82.51,5281,81911,1,9.9,3.5,84,0.89,0.94,0.94,0.89,0.91,0.93,0.87,0.85,0.83
Norway,4,20200410,20200313,46,8.66,5.27,1225,1779,230.61,334.91,123170,21184,3988,85.71,86,86,5311916,87,17,20.2,5.3,9.2,3.8,64.6,58.2,58.5,87.1,96.5,107.8,438.5,1782.4,390,1,1,900.7,4,4,4,3,4,2,4,0,2,81.9,82.51,5281,81911,1,9.9,3.5,84,0.89,0.94,0.94,0.89,0.91,0.93,0.87,0.85,0.83
Norway,5,20200417,20200313,48,9.04,8.66,631,1225,118.79,230.61,136236,13066,2460,85.71,86,86,5311916,87,17,20.2,5.3,9.2,3.8,64.6,58.2,58.5,87.1,96.5,107.8,438.5,1782.4,390,1,1,900.7,4,4,4,3,4,2,4,0,2,81.9,82.51,5281,81911,1,9.9,3.5,84,0.89,0.94,0.94,0.89,0.91,0.93,0.87,0.85,0.83
Pakistan,1,20200326,20200319,6,0.03,0,755,282,3.56,1.33,7835,4425,21,100,67,43,212215030,45,4.3,20.1,19.9,24.7,4.1,35.5,38.7,19.9,38.7,15.5,73.4,97.8,50.2,60,0,0,94,0,2,1,0,0,1,0,0.5,1,36.4,66.48,40,1557,0.6,4.2,1.9,33,0.39,0.49,0.31,0.43,0.38,0.37,0.39,0.38,0.35
Pakistan,2,20200402,20200319,23,0.11,0.03,1234,755,5.81,3.56,30308,22473,106,100,100,67,212215030,45,4.3,20.1,19.9,24.7,4.1,35.5,38.7,19.9,38.7,15.5,73.4,97.8,50.2,60,0,0,94,0,2,1,0,0,1,0,0.5,1,36.4,66.48,40,1557,0.6,4.2,1.9,33,0.39,0.49,0.31,0.43,0.38,0.37,0.39,0.38,0.35
Pakistan,3,20200409,20200319,32,0.15,0.11,2198,1234,10.36,5.81,54706,24398,115,100,100,100,212215030,45,4.3,20.1,19.9,24.7,4.1,35.5,38.7,19.9,38.7,15.5,73.4,97.8,50.2,60,0,0,94,0,2,1,0,0,1,0,0.5,1,36.4,66.48,40,1557,0.6,4.2,1.9,33,0.39,0.49,0.31,0.43,0.38,0.37,0.39,0.38,0.35
Pakistan,4,20200416,20200319,65,0.31,0.15,2430,2198,11.45,10.36,84704,29998,141,100,100,100,212215030,45,4.3,20.1,19.9,24.7,4.1,35.5,38.7,19.9,38.7,15.5,73.4,97.8,50.2,60,0,0,94,0,2,1,0,0,1,0,0.5,1,36.4,66.48,40,1557,0.6,4.2,1.9,33,0.39,0.49,0.31,0.43,0.38,0.37,0.39,0.38,0.35
Panama,1,20200318,20200311,0,0,0.24,78,8,18.67,1.92,1455,1261,302,95.24,19,19,4176873,79,8.1,6.1,7.7,13,3.9,43.7,46.4,35.1,63.8,54,130,159.4,233,230,1,0,480,2,2,1,4,4,2,2,0.5,0,67.4,78,1148,15679,0.8,7.1,3.2,37,0.52,0.54,0.42,0.59,0.64,0.66,0.51,0.48,0.33
Panama,2,20200325,20200311,5,1.2,0,259,78,62.01,18.67,3690,2235,535,90.48,95,19,4176873,79,8.1,6.1,7.7,13,3.9,43.7,46.4,35.1,63.8,54,130,159.4,233,230,1,0,480,2,2,1,4,4,2,2,0.5,0,67.4,78,1148,15679,0.8,7.1,3.2,37,0.52,0.54,0.42,0.59,0.64,0.66,0.51,0.48,0.33
Panama,3,20200401,20200311,18,4.31,1.2,644,259,154.18,62.01,6775,3085,739,90.48,90,95,4176873,79,8.1,6.1,7.7,13,3.9,43.7,46.4,35.1,63.8,54,130,159.4,233,230,1,0,480,2,2,1,4,4,2,2,0.5,0,67.4,78,1148,15679,0.8,7.1,3.2,37,0.52,0.54,0.42,0.59,0.64,0.66,0.51,0.48,0.33
Panama,4,20200408,20200311,31,7.42,4.31,1111,644,265.99,154.18,11218,4443,1064,90.48,90,90,4176873,79,8.1,6.1,7.7,13,3.9,43.7,46.4,35.1,63.8,54,130,159.4,233,230,1,0,480,2,2,1,4,4,2,2,0.5,0,67.4,78,1148,15679,0.8,7.1,3.2,37,0.52,0.54,0.42,0.59,0.64,0.66,0.51,0.48,0.33
Panama,5,20200415,20200311,39,9.34,7.42,1372,1111,328.48,265.99,16854,5636,1349,90.48,90,90,4176873,79,8.1,6.1,7.7,13,3.9,43.7,46.4,35.1,63.8,54,130,159.4,233,230,1,0,480,2,2,1,4,4,2,2,0.5,0,67.4,78,1148,15679,0.8,7.1,3.2,37,0.52,0.54,0.42,0.59,0.64,0.66,0.51,0.48,0.33
Paraguay,1,20200328,20200321,2,0.29,0.14,34,12,4.89,1.73,800,507,73,95.24,95,57,6956071,69,6.4,13.4,9.6,17.5,6.2,35.7,26.8,28.2,55.9,61.1,109.6,128.6,104.9,130,0,1,290.7,1,1,2,3,3,2,4,0.3,1,61.3,73.12,396,5932,0.7,6.2,2.9,29,,,,,,,,,
Paraguay,2,20200404,20200321,0,0,0.29,40,34,5.75,4.89,1631,831,119,95.24,95,95,6956071,69,6.4,13.4,9.6,17.5,6.2,35.7,26.8,28.2,55.9,61.1,109.6,128.6,104.9,130,0,1,290.7,1,1,2,3,3,2,4,0.3,1,61.3,73.12,396,5932,0.7,6.2,2.9,29,,,,,,,,,
Paraguay,3,20200411,20200321,3,0.43,0,37,40,5.32,5.75,3120,1489,214,95.24,95,95,6956071,69,6.4,13.4,9.6,17.5,6.2,35.7,26.8,28.2,55.9,61.1,109.6,128.6,104.9,130,0,1,290.7,1,1,2,3,3,2,4,0.3,1,61.3,73.12,396,5932,0.7,6.2,2.9,29,,,,,,,,,
Paraguay,4,20200418,20200321,2,0.29,0.43,70,37,10.06,5.32,5239,2119,305,80.95,95,95,6956071,69,6.4,13.4,9.6,17.5,6.2,35.7,26.8,28.2,55.9,61.1,109.6,128.6,104.9,130,0,1,290.7,1,1,2,3,3,2,4,0.3,1,61.3,73.12,396,5932,0.7,6.2,2.9,29,,,,,,,,,
Peru,1,20200327,20200320,7,0.22,0.03,346,212,10.82,6.63,10065,5767,180,80.95,81,57,31989256,77,8.1,4.8,6.6,12.6,6.4,49.2,51.7,45,57.7,48.7,121,111.6,149.3,160,0,1,192.6,2,4,2,3,3,2,3,0.9,0,77.7,74.98,436,6994,0.7,6.6,3,35,0.5,0.6,0.33,0.55,0.62,0.63,0.49,0.45,0.33
Peru,2,20200403,20200320,32,1,0.22,743,346,23.23,10.82,17334,7269,227,85.71,81,81,31989256,77,8.1,4.8,6.6,12.6,6.4,49.2,51.7,45,57.7,48.7,121,111.6,149.3,160,0,1,192.6,2,4,2,3,3,2,3,0.9,0,77.7,74.98,436,6994,0.7,6.6,3,35,0.5,0.6,0.33,0.55,0.62,0.63,0.49,0.45,0.33
Peru,3,20200410,20200320,80,2.5,1,3019,743,94.38,23.23,56681,39347,1230,85.71,86,81,31989256,77,8.1,4.8,6.6,12.6,6.4,49.2,51.7,45,57.7,48.7,121,111.6,149.3,160,0,1,192.6,2,4,2,3,3,2,3,0.9,0,77.7,74.98,436,6994,0.7,6.6,3,35,0.5,0.6,0.33,0.55,0.62,0.63,0.49,0.45,0.33
Peru,4,20200417,20200320,133,4.16,2.5,7133,3019,222.98,94.38,121468,64787,2025,85.71,86,86,31989256,77,8.1,4.8,6.6,12.6,6.4,49.2,51.7,45,57.7,48.7,121,111.6,149.3,160,0,1,192.6,2,4,2,3,3,2,3,0.9,0,77.7,74.98,436,6994,0.7,6.6,3,35,0.5,0.6,0.33,0.55,0.62,0.63,0.49,0.45,0.33
Philippines,1,20200209,20200202,0,0,0.0093762961,1,2,0.01,0.02,,,,38.1,29,7,106651922,61,5.1,24.3,7.1,26.8,2.3,47.6,43.8,38.2,50.3,55.5,110.4,111,24,100,0,1,184.6,1,3,2,1,0,1,2,4.4,2,46.7,69.09,108,3103,0.7,6.7,2.5,36,0.47,0.5,0.46,0.52,0.41,0.65,0.48,0.46,0.31
Philippines,2,20200216,20200202,0,0,0,0,1,0,0.01,,,,38.1,38,29,106651922,61,5.1,24.3,7.1,26.8,2.3,47.6,43.8,38.2,50.3,55.5,110.4,111,24,100,0,1,184.6,1,3,2,1,0,1,2,4.4,2,46.7,69.09,108,3103,0.7,6.7,2.5,36,0.47,0.5,0.46,0.52,0.41,0.65,0.48,0.46,0.31
Philippines,3,20200223,20200202,0,0,0,0,0,0,0,,,,42.86,38,38,106651922,61,5.1,24.3,7.1,26.8,2.3,47.6,43.8,38.2,50.3,55.5,110.4,111,24,100,0,1,184.6,1,3,2,1,0,1,2,4.4,2,46.7,69.09,108,3103,0.7,6.7,2.5,36,0.47,0.5,0.46,0.52,0.41,0.65,0.48,0.46,0.31
Philippines,4,20200301,20200202,0,0,0,0,0,0,0,,,,38.1,43,38,106651922,61,5.1,24.3,7.1,26.8,2.3,47.6,43.8,38.2,50.3,55.5,110.4,111,24,100,0,1,184.6,1,3,2,1,0,1,2,4.4,2,46.7,69.09,108,3103,0.7,6.7,2.5,36,0.47,0.5,0.46,0.52,0.41,0.65,0.48,0.46,0.31
Philippines,5,20200308,20200202,0,0,0,7,0,0.07,0,,,,52.38,38,43,106651922,61,5.1,24.3,7.1,26.8,2.3,47.6,43.8,38.2,50.3,55.5,110.4,111,24,100,0,1,184.6,1,3,2,1,0,1,2,4.4,2,46.7,69.09,108,3103,0.7,6.7,2.5,36,0.47,0.5,0.46,0.52,0.41,0.65,0.48,0.46,0.31
Philippines,6,20200315,20200202,11,0.1,0,130,7,1.22,0.07,,,,85.71,52,38,106651922,61,5.1,24.3,7.1,26.8,2.3,47.6,43.8,38.2,50.3,55.5,110.4,111,24,100,0,1,184.6,1,3,2,1,0,1,2,4.4,2,46.7,69.09,108,3103,0.7,6.7,2.5,36,0.47,0.5,0.46,0.52,0.41,0.65,0.48,0.46,0.31
Philippines,7,20200322,20200202,13,0.12,0.1,240,130,2.25,1.22,,,,85.71,86,52,106651922,61,5.1,24.3,7.1,26.8,2.3,47.6,43.8,38.2,50.3,55.5,110.4,111,24,100,0,1,184.6,1,3,2,1,0,1,2,4.4,2,46.7,69.09,108,3103,0.7,6.7,2.5,36,0.47,0.5,0.46,0.52,0.41,0.65,0.48,0.46,0.31
Philippines,8,20200329,20200202,43,0.4,0.12,695,240,6.52,2.25,,,,85.71,86,86,106651922,61,5.1,24.3,7.1,26.8,2.3,47.6,43.8,38.2,50.3,55.5,110.4,111,24,100,0,1,184.6,1,3,2,1,0,1,2,4.4,2,46.7,69.09,108,3103,0.7,6.7,2.5,36,0.47,0.5,0.46,0.52,0.41,0.65,0.48,0.46,0.31
Philippines,9,20200405,20200202,76,0.71,0.4,2019,695,18.93,6.52,,,,85.71,86,86,106651922,61,5.1,24.3,7.1,26.8,2.3,47.6,43.8,38.2,50.3,55.5,110.4,111,24,100,0,1,184.6,1,3,2,1,0,1,2,4.4,2,46.7,69.09,108,3103,0.7,6.7,2.5,36,0.47,0.5,0.46,0.52,0.41,0.65,0.48,0.46,0.31
Philippines,10,20200412,20200202,153,1.43,0.71,1554,2019,14.57,18.93,33783,,,85.71,86,86,106651922,61,5.1,24.3,7.1,26.8,2.3,47.6,43.8,38.2,50.3,55.5,110.4,111,24,100,0,1,184.6,1,3,2,1,0,1,2,4.4,2,46.7,69.09,108,3103,0.7,6.7,2.5,36,0.47,0.5,0.46,0.52,0.41,0.65,0.48,0.46,0.31
Philippines,11,20200419,20200202,100,0.94,1.43,1439,1554,13.49,14.57,52792,19009,178,85.71,86,86,106651922,61,5.1,24.3,7.1,26.8,2.3,47.6,43.8,38.2,50.3,55.5,110.4,111,24,100,0,1,184.6,1,3,2,1,0,1,2,4.4,2,46.7,69.09,108,3103,0.7,6.7,2.5,36,0.47,0.5,0.46,0.52,0.41,0.65,0.48,0.46,0.31
Poland,1,20200319,20200312,4,0.11,0.03,274,50,7.22,1.32,11196,8962,236,80.95,57,14,37974750,75,17.5,28,6.1,18.7,3.8,55.4,47.5,48.9,67.9,76,130,229,569.4,650,1,1,409.4,2,3,2,4,4,2,2,0.2,0,60.1,77.45,1244,15316,0.9,6.7,3.3,60,0.66,0.58,0.73,0.6,0.64,0.86,0.62,0.63,0.6
Poland,2,20200326,20200312,9,0.24,0.11,726,274,19.12,7.22,29564,18368,484,80.95,81,57,37974750,75,17.5,28,6.1,18.7,3.8,55.4,47.5,48.9,67.9,76,130,229,569.4,650,1,1,409.4,2,3,2,4,4,2,2,0.2,0,60.1,77.45,1244,15316,0.9,6.7,3.3,60,0.66,0.58,0.73,0.6,0.64,0.86,0.62,0.63,0.6
Poland,3,20200402,20200312,29,0.76,0.24,1503,726,39.58,19.12,61178,31614,833,85.71,81,81,37974750,75,17.5,28,6.1,18.7,3.8,55.4,47.5,48.9,67.9,76,130,229,569.4,650,1,1,409.4,2,3,2,4,4,2,2,0.2,0,60.1,77.45,1244,15316,0.9,6.7,3.3,60,0.66,0.58,0.73,0.6,0.64,0.86,0.62,0.63,0.6
Poland,4,20200409,20200312,116,3.05,0.76,2651,1503,69.81,39.58,107597,46419,1222,95.24,86,81,37974750,75,17.5,28,6.1,18.7,3.8,55.4,47.5,48.9,67.9,76,130,229,569.4,650,1,1,409.4,2,3,2,4,4,2,2,0.2,0,60.1,77.45,1244,15316,0.9,6.7,3.3,60,0.66,0.58,0.73,0.6,0.64,0.86,0.62,0.63,0.6
Poland,5,20200416,20200312,127,3.34,3.05,2377,2651,62.59,69.81,169071,61474,1619,95.24,95,86,37974750,75,17.5,28,6.1,18.7,3.8,55.4,47.5,48.9,67.9,76,130,229,569.4,650,1,1,409.4,2,3,2,4,4,2,2,0.2,0,60.1,77.45,1244,15316,0.9,6.7,3.3,60,0.66,0.58,0.73,0.6,0.64,0.86,0.62,0.63,0.6
Portugal,1,20200324,20200317,22,2.14,0.1,1612,407,156.75,39.58,13691,9984,971,80.95,62,29,10283822,82,22,22.7,9.8,11.1,7,60.3,67.7,55,77.3,73.8,113.9,442.6,637.7,340,1,1,771.1,3,3,3,3,4,2,3,0.3,1,64.7,81.13,1844,23147,0.8,7.8,3.7,64,0.7,0.78,0.72,0.66,0.78,0.79,0.62,0.68,0.59
Portugal,2,20200331,20200317,117,11.38,2.14,4348,1612,422.8,156.75,47476,33785,3285,80.95,81,62,10283822,82,22,22.7,9.8,11.1,7,60.3,67.7,55,77.3,73.8,113.9,442.6,637.7,340,1,1,771.1,3,3,3,3,4,2,3,0.3,1,64.7,81.13,1844,23147,0.8,7.8,3.7,64,0.7,0.78,0.72,0.66,0.78,0.79,0.62,0.68,0.59
Portugal,3,20200407,20200317,171,16.63,11.38,5322,4348,517.51,422.8,95288,47812,4649,85.71,81,81,10283822,82,22,22.7,9.8,11.1,7,60.3,67.7,55,77.3,73.8,113.9,442.6,637.7,340,1,1,771.1,3,3,3,3,4,2,3,0.3,1,64.7,81.13,1844,23147,0.8,7.8,3.7,64,0.7,0.78,0.72,0.66,0.78,0.79,0.62,0.68,0.59
Portugal,4,20200414,20200317,224,21.78,16.63,5204,5322,506.04,517.51,140040,44752,4352,100,86,81,10283822,82,22,22.7,9.8,11.1,7,60.3,67.7,55,77.3,73.8,113.9,442.6,637.7,340,1,1,771.1,3,3,3,3,4,2,3,0.3,1,64.7,81.13,1844,23147,0.8,7.8,3.7,64,0.7,0.78,0.72,0.66,0.78,0.79,0.62,0.68,0.59
Romania,1,20200330,20200323,38,1.95,0.05,1327,275,68.17,14.13,23103,11880,610,71.43,86,71,19466145,74,18.3,29.7,6.9,21.4,4.2,45.8,35.3,36.7,65.7,63.7,114.6,266.9,641.5,630,0,1,239.1,2,3,2,3,4,2,3,1.9,0,53.9,75.01,901,12234,0.8,6.4,3.4,47,0.63,0.62,0.56,0.61,0.7,0.83,0.57,0.62,0.56
Romania,2,20200406,20200323,108,5.55,1.95,2104,1327,108.09,68.17,40987,17884,919,80.95,71,86,19466145,74,18.3,29.7,6.9,21.4,4.2,45.8,35.3,36.7,65.7,63.7,114.6,266.9,641.5,630,0,1,239.1,2,3,2,3,4,2,3,1.9,0,53.9,75.01,901,12234,0.8,6.4,3.4,47,0.63,0.62,0.56,0.61,0.7,0.83,0.57,0.62,0.56
Romania,3,20200413,20200323,158,8.12,5.55,2436,2104,125.14,108.09,67204,26217,1347,80.95,81,71,19466145,74,18.3,29.7,6.9,21.4,4.2,45.8,35.3,36.7,65.7,63.7,114.6,266.9,641.5,630,0,1,239.1,2,3,2,3,4,2,3,1.9,0,53.9,75.01,901,12234,0.8,6.4,3.4,47,0.63,0.62,0.56,0.61,0.7,0.83,0.57,0.62,0.56
Russia,1,20200402,20200326,22,0.15,0.01,1937,641,13.41,4.44,536000,338749,2345,85.71,71,62,144478050,74,14.7,39.3,6.1,25.4,4.8,44.3,50.1,37.6,51.4,76,130,397.5,868.3,820,0,1,538.2,1,2,3,3,1,0,0,0,1,74.3,71.59,757,11253,0.8,2.9,1.9,28,0.47,0.36,0.43,0.49,0.44,0.66,0.49,0.54,0.31
Russia,2,20200409,20200326,52,0.36,0.15,7354,1937,50.9,13.41,1004719,468719,3244,85.71,86,71,144478050,74,14.7,39.3,6.1,25.4,4.8,44.3,50.1,37.6,51.4,76,130,397.5,868.3,820,0,1,538.2,1,2,3,3,1,0,0,0,1,74.3,71.59,757,11253,0.8,2.9,1.9,28,0.47,0.36,0.43,0.49,0.44,0.66,0.49,0.54,0.31
Russia,3,20200416,20200326,156,1.08,0.36,17807,7354,123.25,50.9,1613413,608694,4213,85.71,86,86,144478050,74,14.7,39.3,6.1,25.4,4.8,44.3,50.1,37.6,51.4,76,130,397.5,868.3,820,0,1,538.2,1,2,3,3,1,0,0,0,1,74.3,71.59,757,11253,0.8,2.9,1.9,28,0.47,0.36,0.43,0.49,0.44,0.66,0.49,0.54,0.31
Saudi Arabia,1,20200331,20200324,9,0.27,0.03,796,596,23.62,17.69,,,,95.24,90,86,33699947,74,3.3,15.6,15.8,16.4,6,49.3,32.6,44.8,59.7,80.1,122.1,256.8,520.7,270,1,1,447.1,2,2,3,2,3,2,1,0.2,0,83.6,74.56,2114,23418,0.9,1.9,2.6,49,,,,,,,,,
Saudi Arabia,2,20200407,20200324,31,0.92,0.27,1232,796,36.56,23.62,,,,95.24,95,90,33699947,74,3.3,15.6,15.8,16.4,6,49.3,32.6,44.8,59.7,80.1,122.1,256.8,520.7,270,1,1,447.1,2,2,3,2,3,2,1,0.2,0,83.6,74.56,2114,23418,0.9,1.9,2.6,49,,,,,,,,,
Saudi Arabia,3,20200414,20200324,32,0.95,0.92,2574,1232,76.38,36.56,,,,95.24,95,95,33699947,74,3.3,15.6,15.8,16.4,6,49.3,32.6,44.8,59.7,80.1,122.1,256.8,520.7,270,1,1,447.1,2,2,3,2,3,2,1,0.2,0,83.6,74.56,2114,23418,0.9,1.9,2.6,49,,,,,,,,,
Serbia,1,20200327,20200320,6,0.86,0.14,322,104,46.11,14.89,1715,1170,168,100,81,43,6982604,65,18.3,38.9,9,19.1,12.7,52.3,55.1,56.6,59.2,70.3,124.1,246.3,471.9,570,0,1,535.7,2,2,2,3,3,0,2,0.5,1,55.9,75.24,767,7215,0.8,6.4,3.2,39,0.5,0.39,0.44,0.47,0.57,0.77,0.48,0.51,0.4
Serbia,2,20200403,20200320,6,0.86,0.86,714,322,102.25,46.11,5756,4041,579,100,100,81,6982604,65,18.3,38.9,9,19.1,12.7,52.3,55.1,56.6,59.2,70.3,124.1,246.3,471.9,570,0,1,535.7,2,2,2,3,3,0,2,0.5,1,55.9,75.24,767,7215,0.8,6.4,3.2,39,0.5,0.39,0.44,0.47,0.57,0.77,0.48,0.51,0.4
Serbia,3,20200410,20200320,52,7.45,0.86,1696,714,242.89,102.25,14240,8484,1215,100,100,100,6982604,65,18.3,38.9,9,19.1,12.7,52.3,55.1,56.6,59.2,70.3,124.1,246.3,471.9,570,0,1,535.7,2,2,2,3,3,0,2,0.5,1,55.9,75.24,767,7215,0.8,6.4,3.2,39,0.5,0.39,0.44,0.47,0.57,0.77,0.48,0.51,0.4
Serbia,4,20200417,20200320,38,5.44,7.45,2451,1696,351.02,242.89,32566,18326,2625,100,100,100,6982604,65,18.3,38.9,9,19.1,12.7,52.3,55.1,56.6,59.2,70.3,124.1,246.3,471.9,570,0,1,535.7,2,2,2,3,3,0,2,0.5,1,55.9,75.24,767,7215,0.8,6.4,3.2,39,0.5,0.39,0.44,0.47,0.57,0.77,0.48,0.51,0.4
Singapore,1,20200327,20200320,0,0,0.18,298,185,52.85,32.81,,,,42.86,38,38,5638676,86,11.5,16.5,5.5,9.3,4.2,58.7,64.6,41.4,80.9,84.4,130,227.6,712,240,1,1,1273,4,3,4,3,4,2,3,0.2,2,100,82.8,2227,64043,0.9,6.4,3.7,85,0.79,0.67,0.91,0.64,0.68,0.93,0.87,0.82,0.79
Singapore,2,20200403,20200320,2,0.35,0,366,298,64.91,52.85,,,,42.86,43,38,5638676,86,11.5,16.5,5.5,9.3,4.2,58.7,64.6,41.4,80.9,84.4,130,227.6,712,240,1,1,1273,4,3,4,3,4,2,3,0.2,2,100,82.8,2227,64043,0.9,6.4,3.7,85,0.79,0.67,0.91,0.64,0.68,0.93,0.87,0.82,0.79
Singapore,3,20200410,20200320,3,0.53,0.35,861,366,152.7,64.91,47486,,,61.9,43,43,5638676,86,11.5,16.5,5.5,9.3,4.2,58.7,64.6,41.4,80.9,84.4,130,227.6,712,240,1,1,1273,4,3,4,3,4,2,3,0.2,2,100,82.8,2227,64043,0.9,6.4,3.7,85,0.79,0.67,0.91,0.64,0.68,0.93,0.87,0.82,0.79
Singapore,4,20200417,20200320,3,0.53,0.53,2517,861,446.38,152.7,59737,12251,2173,80.95,62,43,5638676,86,11.5,16.5,5.5,9.3,4.2,58.7,64.6,41.4,80.9,84.4,130,227.6,712,240,1,1,1273,4,3,4,3,4,2,3,0.2,2,100,82.8,2227,64043,0.9,6.4,3.7,85,0.79,0.67,0.91,0.64,0.68,0.93,0.87,0.82,0.79
Slovenia,1,20200324,20200317,0,0,0.48,167,252,80.52,121.51,16113,7555,3643,100,86,43,2073894,79,19.6,22.5,5.9,12.7,5.1,67.2,63.3,54.9,73.7,78.9,117.5,282,884,460,1,1,332.7,3,3,2,4,4,2,3,0,0,54.3,80.78,2004,26199,0.9,7.5,3.6,60,0.69,0.65,0.66,0.65,0.75,0.89,0.65,0.66,0.56
Slovenia,2,20200331,20200317,10,4.82,0,321,167,154.78,80.52,23762,7649,3688,100,100,86,2073894,79,19.6,22.5,5.9,12.7,5.1,67.2,63.3,54.9,73.7,78.9,117.5,282,884,460,1,1,332.7,3,3,2,4,4,2,3,0,0,54.3,80.78,2004,26199,0.9,7.5,3.6,60,0.69,0.65,0.66,0.65,0.75,0.89,0.65,0.66,0.56
Slovenia,3,20200407,20200317,19,9.16,4.82,258,321,124.4,154.78,30669,6907,3330,100,100,100,2073894,79,19.6,22.5,5.9,12.7,5.1,67.2,63.3,54.9,73.7,78.9,117.5,282,884,460,1,1,332.7,3,3,2,4,4,2,3,0,0,54.3,80.78,2004,26199,0.9,7.5,3.6,60,0.69,0.65,0.66,0.65,0.75,0.89,0.65,0.66,0.56
Slovenia,4,20200414,20200317,25,12.05,9.16,191,258,92.1,124.4,37114,6445,3108,100,100,100,2073894,79,19.6,22.5,5.9,12.7,5.1,67.2,63.3,54.9,73.7,78.9,117.5,282,884,460,1,1,332.7,3,3,2,4,4,2,3,0,0,54.3,80.78,2004,26199,0.9,7.5,3.6,60,0.69,0.65,0.66,0.65,0.75,0.89,0.65,0.66,0.56
South Africa,1,20200404,20200328,6,0.1,0.02,335,930,5.8,16.1,53937,21974,380,100,100,100,57779622,69,5.3,20.3,12.7,26.2,28.5,54.8,57.7,33,61.8,54,130,81.8,522.9,280,1,1,83,3,3,1,3,4,2,4,6.2,1,65.9,62.77,576,6414,0.7,7.2,2.6,43,0.59,0.63,0.48,0.62,0.64,0.61,0.56,0.61,0.53
South Africa,2,20200411,20200328,17,0.29,0.1,498,335,8.62,5.8,75053,21116,365,100,100,100,57779622,69,5.3,20.3,12.7,26.2,28.5,54.8,57.7,33,61.8,54,130,81.8,522.9,280,1,1,83,3,3,1,3,4,2,4,6.2,1,65.9,62.77,576,6414,0.7,7.2,2.6,43,0.59,0.63,0.48,0.62,0.64,0.61,0.56,0.61,0.53
South Africa,3,20200418,20200328,26,0.45,0.29,780,498,13.5,8.62,108201,33148,574,100,100,100,57779622,69,5.3,20.3,12.7,26.2,28.5,54.8,57.7,33,61.8,54,130,81.8,522.9,280,1,1,83,3,3,1,3,4,2,4,6.2,1,65.9,62.77,576,6414,0.7,7.2,2.6,43,0.59,0.63,0.48,0.62,0.64,0.61,0.56,0.61,0.53
South Korea,1,20200227,20200220,12,0.23,0.02,1662,76,32.21,1.47,57990,45829,888,61.9,43,43,51606633,86,14.4,23.3,6.9,7.8,3.8,70.2,71.5,58.7,74.1,95.1,124.9,232.6,689.8,1150,1,1,903.3,3,4,2,4,2,2,1,0.1,1,81.5,82.02,1604,31665,0.9,8,3.1,57,0.73,0.72,0.67,0.71,0.73,0.84,0.72,0.76,0.71
South Korea,2,20200305,20200220,22,0.43,0.23,4000,1662,77.51,32.21,146541,88551,1716,61.9,62,43,51606633,86,14.4,23.3,6.9,7.8,3.8,70.2,71.5,58.7,74.1,95.1,124.9,232.6,689.8,1150,1,1,903.3,3,4,2,4,2,2,1,0.1,1,81.5,82.02,1604,31665,0.9,8,3.1,57,0.73,0.72,0.67,0.71,0.73,0.84,0.72,0.76,0.71
South Korea,3,20200312,20200220,31,0.6,0.43,2213,4000,42.88,77.51,234998,88457,1714,61.9,62,62,51606633,86,14.4,23.3,6.9,7.8,3.8,70.2,71.5,58.7,74.1,95.1,124.9,232.6,689.8,1150,1,1,903.3,3,4,2,4,2,2,1,0.1,1,81.5,82.02,1604,31665,0.9,8,3.1,57,0.73,0.72,0.67,0.71,0.73,0.84,0.72,0.76,0.71
South Korea,4,20200319,20200220,28,0.54,0.6,673,2213,13.04,42.88,307024,72026,1396,61.9,62,62,51606633,86,14.4,23.3,6.9,7.8,3.8,70.2,71.5,58.7,74.1,95.1,124.9,232.6,689.8,1150,1,1,903.3,3,4,2,4,2,2,1,0.1,1,81.5,82.02,1604,31665,0.9,8,3.1,57,0.73,0.72,0.67,0.71,0.73,0.84,0.72,0.76,0.71
South Korea,5,20200326,20200220,37,0.72,0.54,589,673,11.41,13.04,364942,57918,1122,80.95,62,62,51606633,86,14.4,23.3,6.9,7.8,3.8,70.2,71.5,58.7,74.1,95.1,124.9,232.6,689.8,1150,1,1,903.3,3,4,2,4,2,2,1,0.1,1,81.5,82.02,1604,31665,0.9,8,3.1,57,0.73,0.72,0.67,0.71,0.73,0.84,0.72,0.76,0.71
South Korea,6,20200402,20200220,38,0.74,0.72,735,589,14.24,11.41,431743,66801,1294,80.95,81,62,51606633,86,14.4,23.3,6.9,7.8,3.8,70.2,71.5,58.7,74.1,95.1,124.9,232.6,689.8,1150,1,1,903.3,3,4,2,4,2,2,1,0.1,1,81.5,82.02,1604,31665,0.9,8,3.1,57,0.73,0.72,0.67,0.71,0.73,0.84,0.72,0.76,0.71
South Korea,7,20200409,20200220,35,0.68,0.74,447,735,8.66,14.24,494711,62968,1220,80.95,81,81,51606633,86,14.4,23.3,6.9,7.8,3.8,70.2,71.5,58.7,74.1,95.1,124.9,232.6,689.8,1150,1,1,903.3,3,4,2,4,2,2,1,0.1,1,81.5,82.02,1604,31665,0.9,8,3.1,57,0.73,0.72,0.67,0.71,0.73,0.84,0.72,0.76,0.71
South Korea,8,20200416,20200220,25,0.48,0.68,190,447,3.68,8.66,538775,44064,854,80.95,81,81,51606633,86,14.4,23.3,6.9,7.8,3.8,70.2,71.5,58.7,74.1,95.1,124.9,232.6,689.8,1150,1,1,903.3,3,4,2,4,2,2,1,0.1,1,81.5,82.02,1604,31665,0.9,8,3.1,57,0.73,0.72,0.67,0.71,0.73,0.84,0.72,0.76,0.71
Spain,1,20200311,20200304,46,0.89,0.02,1942,186,37.63,3.6,,,,61.9,14,14,51606633,86,14.4,23.3,6.9,7.8,3.8,70.2,71.5,58.7,74.1,95.1,124.9,232.6,689.8,1150,1,1,903.3,3,4,2,4,2,2,1,0.1,1,81.5,82.02,1604,31665,0.9,8,3.1,57,0.73,0.72,0.67,0.71,0.73,0.84,0.72,0.76,0.71
Spain,2,20200318,20200304,551,11.77,0.89,11576,1942,247.37,41.5,,,,90.48,62,14,46796540,83,19.4,29.3,6.9,9.9,15.3,65.9,61.9,59.6,77.1,84.6,113.2,387.2,532.4,300,1,1,776.7,3,3,2,3,4,2,3,0.6,0,80.1,82.83,2322,30768,0.9,8.1,3.3,58,0.73,0.74,0.73,0.71,0.79,0.82,0.7,0.67,0.67
Spain,3,20200325,20200304,2098,44.83,11.77,25957,11576,554.68,247.37,,,,90.48,90,62,46796540,83,19.4,29.3,6.9,9.9,15.3,65.9,61.9,59.6,77.1,84.6,113.2,387.2,532.4,300,1,1,776.7,3,3,2,3,4,2,3,0.6,0,80.1,82.83,2322,30768,0.9,8.1,3.3,58,0.73,0.74,0.73,0.71,0.79,0.82,0.7,0.67,0.67
Spain,4,20200401,20200304,5493,117.38,44.83,54744,25957,1169.83,554.68,,,,90.48,90,90,46796540,83,19.4,29.3,6.9,9.9,15.3,65.9,61.9,59.6,77.1,84.6,113.2,387.2,532.4,300,1,1,776.7,3,3,2,3,4,2,3,0.6,0,80.1,82.83,2322,30768,0.9,8.1,3.3,58,0.73,0.74,0.73,0.71,0.79,0.82,0.7,0.67,0.67
Spain,5,20200408,20200304,5609,119.86,117.38,46093,54744,984.97,1169.83,,,,95.24,90,90,46796540,83,19.4,29.3,6.9,9.9,15.3,65.9,61.9,59.6,77.1,84.6,113.2,387.2,532.4,300,1,1,776.7,3,3,2,3,4,2,3,0.6,0,80.1,82.83,2322,30768,0.9,8.1,3.3,58,0.73,0.74,0.73,0.71,0.79,0.82,0.7,0.67,0.67
Spain,6,20200415,20200304,4258,90.99,119.86,32031,46093,684.47,984.97,930230,930230,,95.24,95,90,46796540,83,19.4,29.3,6.9,9.9,15.3,65.9,61.9,59.6,77.1,84.6,113.2,387.2,532.4,300,1,1,776.7,3,3,2,3,4,2,3,0.6,0,80.1,82.83,2322,30768,0.9,8.1,3.3,58,0.73,0.74,0.73,0.71,0.79,0.82,0.7,0.67,0.67
Sweden,1,20200322,20200315,17,1.67,0.1,754,789,74.1,77.54,24700,10300,1012,42.86,29,0,10175214,86,20.1,18.8,4.8,9.1,6.3,72.1,62.8,49.3,84.5,96.4,125.5,418.8,1187.6,260,1,1,821.1,4,4,3,3,4,2,3,0.3,2,87.1,82.2,4498,55240,0.9,9.4,3.5,85,0.86,0.87,0.91,0.86,0.87,0.92,0.84,0.82,0.8
Sweden,2,20200329,20200315,82,8.06,1.67,1701,754,167.17,74.1,37000,12300,1209,42.86,43,29,10175214,86,20.1,18.8,4.8,9.1,6.3,72.1,62.8,49.3,84.5,96.4,125.5,418.8,1187.6,260,1,1,821.1,4,4,3,3,4,2,3,0.3,2,87.1,82.2,4498,55240,0.9,9.4,3.5,85,0.86,0.87,0.91,0.86,0.87,0.92,0.84,0.82,0.8
Sweden,3,20200405,20200315,271,26.63,8.06,2996,1701,294.44,167.17,54700,17700,1740,52.38,43,43,10175214,86,20.1,18.8,4.8,9.1,6.3,72.1,62.8,49.3,84.5,96.4,125.5,418.8,1187.6,260,1,1,821.1,4,4,3,3,4,2,3,0.3,2,87.1,82.2,4498,55240,0.9,9.4,3.5,85,0.86,0.87,0.91,0.86,0.87,0.92,0.84,0.82,0.8
Sweden,4,20200412,20200315,514,50.51,26.63,3708,2996,364.41,294.44,74600,19900,1956,52.38,52,43,10175214,86,20.1,18.8,4.8,9.1,6.3,72.1,62.8,49.3,84.5,96.4,125.5,418.8,1187.6,260,1,1,821.1,4,4,3,3,4,2,3,0.3,2,87.1,82.2,4498,55240,0.9,9.4,3.5,85,0.86,0.87,0.91,0.86,0.87,0.92,0.84,0.82,0.8
Sweden,5,20200419,20200315,624,61.33,50.51,3671,3708,360.78,364.41,94600,20000,1966,52.38,52,52,10175214,86,20.1,18.8,4.8,9.1,6.3,72.1,62.8,49.3,84.5,96.4,125.5,418.8,1187.6,260,1,1,821.1,4,4,3,3,4,2,3,0.3,2,87.1,82.2,4498,55240,0.9,9.4,3.5,85,0.86,0.87,0.91,0.86,0.87,0.92,0.84,0.82,0.8
Switzerland,1,20200312,20200305,3,0.35,0.12,772,80,90.68,9.4,,,,23.81,24,0,8513227,83,18.6,25.7,5.7,8.6,4.7,67,79.3,62.5,86.2,93.7,130,424.8,1823,470,1,1,2325.7,4,4,3,4,4,2,2,0,2,73.8,82.9,4939,82546,0.9,9,3.6,85,,,,,,,,,
Switzerland,2,20200319,20200305,29,3.41,0.35,3005,772,352.98,90.68,,,,80.95,24,24,8513227,83,18.6,25.7,5.7,8.6,4.7,67,79.3,62.5,86.2,93.7,130,424.8,1823,470,1,1,2325.7,4,4,3,4,4,2,2,0,2,73.8,82.9,4939,82546,0.9,9,3.6,85,,,,,,,,,
Switzerland,3,20200326,20200305,70,8.22,3.41,5851,3005,687.28,352.98,91400,,,80.95,81,24,8513227,83,18.6,25.7,5.7,8.6,4.7,67,79.3,62.5,86.2,93.7,130,424.8,1823,470,1,1,2325.7,4,4,3,4,4,2,2,0,2,73.8,82.9,4939,82546,0.9,9,3.6,85,,,,,,,,,
Switzerland,4,20200402,20200305,275,32.3,8.22,7356,5851,864.07,687.28,139330,47930,5630,80.95,81,81,8513227,83,18.6,25.7,5.7,8.6,4.7,67,79.3,62.5,86.2,93.7,130,424.8,1823,470,1,1,2325.7,4,4,3,4,4,2,2,0,2,73.8,82.9,4939,82546,0.9,9,3.6,85,,,,,,,,,
Switzerland,5,20200409,20200305,327,38.41,32.3,5640,7356,662.5,864.07,178500,39170,4601,80.95,81,81,8513227,83,18.6,25.7,5.7,8.6,4.7,67,79.3,62.5,86.2,93.7,130,424.8,1823,470,1,1,2325.7,4,4,3,4,4,2,2,0,2,73.8,82.9,4939,82546,0.9,9,3.6,85,,,,,,,,,
Switzerland,6,20200416,20200305,268,31.48,38.41,3626,5640,425.93,662.5,206400,27900,3277,80.95,81,81,8513227,83,18.6,25.7,5.7,8.6,4.7,67,79.3,62.5,86.2,93.7,130,424.8,1823,470,1,1,2325.7,4,4,3,4,4,2,2,0,2,73.8,82.9,4939,82546,0.9,9,3.6,85,,,,,,,,,
Thailand,1,20200308,20200301,0,0,0.01,8,7,0.12,0.1,4518,838,12,23.81,0,0,69428524,80,11.9,19.9,7,14.5,0.8,73.2,78.6,70.5,56.4,52.9,130,47,229.4,210,1,1,76.9,2,0,2,1,2,1,2,0,1,49.2,75.3,496,7302,0.8,4.6,2.7,36,0.51,0.48,0.49,0.51,0.49,0.71,0.47,0.48,0.43
Thailand,2,20200315,20200301,0,0,0,64,8,0.92,0.12,6545,2027,29,38.1,24,0,69428524,80,11.9,19.9,7,14.5,0.8,73.2,78.6,70.5,56.4,52.9,130,47,229.4,210,1,1,76.9,2,0,2,1,2,1,2,0,1,49.2,75.3,496,7302,0.8,4.6,2.7,36,0.51,0.48,0.49,0.51,0.49,0.71,0.47,0.48,0.43
Thailand,3,20200322,20200301,0,0,0,485,64,6.99,0.92,10925,4380,63,61.9,38,24,69428524,80,11.9,19.9,7,14.5,0.8,73.2,78.6,70.5,56.4,52.9,130,47,229.4,210,1,1,76.9,2,0,2,1,2,1,2,0,1,49.2,75.3,496,7302,0.8,4.6,2.7,36,0.51,0.48,0.49,0.51,0.49,0.71,0.47,0.48,0.43
Thailand,4,20200329,20200301,6,0.09,0,789,485,11.36,6.99,17779,6854,99,71.43,62,38,69428524,80,11.9,19.9,7,14.5,0.8,73.2,78.6,70.5,56.4,52.9,130,47,229.4,210,1,1,76.9,2,0,2,1,2,1,2,0,1,49.2,75.3,496,7302,0.8,4.6,2.7,36,0.51,0.48,0.49,0.51,0.49,0.71,0.47,0.48,0.43
Thailand,5,20200405,20200301,16,0.23,0.09,781,789,11.25,11.36,25071,7292,105,85.71,71,62,69428524,80,11.9,19.9,7,14.5,0.8,73.2,78.6,70.5,56.4,52.9,130,47,229.4,210,1,1,76.9,2,0,2,1,2,1,2,0,1,49.2,75.3,496,7302,0.8,4.6,2.7,36,0.51,0.48,0.49,0.51,0.49,0.71,0.47,0.48,0.43
Thailand,6,20200412,20200301,15,0.22,0.23,382,781,5.5,11.25,33810,8739,126,85.71,86,71,69428524,80,11.9,19.9,7,14.5,0.8,73.2,78.6,70.5,56.4,52.9,130,47,229.4,210,1,1,76.9,2,0,2,1,2,1,2,0,1,49.2,75.3,496,7302,0.8,4.6,2.7,36,0.51,0.48,0.49,0.51,0.49,0.71,0.47,0.48,0.43
Thailand,7,20200419,20200301,9,0.13,0.22,214,382,3.08,5.5,40897,7087,102,85.71,86,86,69428524,80,11.9,19.9,7,14.5,0.8,73.2,78.6,70.5,56.4,52.9,130,47,229.4,210,1,1,76.9,2,0,2,1,2,1,2,0,1,49.2,75.3,496,7302,0.8,4.6,2.7,36,0.51,0.48,0.49,0.51,0.49,0.71,0.47,0.48,0.43
Tunisia,1,20200327,20200320,5,0.43,0.09,173,47,14.96,4.06,2689,1949,169,100,71,38,11565204,70,8.3,32.7,8.5,16.1,15.5,33.7,39.1,24,55.7,55.5,124.3,128.9,264.2,230,0,1,321.7,2,2,1,1,3,0,1,0.4,1,68.6,75.73,457,3333,0.7,6.4,3,43,0.54,0.61,0.49,0.49,0.57,0.68,0.53,0.5,0.42
Tunisia,2,20200403,20200320,12,1.04,0.43,268,173,23.17,14.96,6693,4004,346,100,100,71,11565204,70,8.3,32.7,8.5,16.1,15.5,33.7,39.1,24,55.7,55.5,124.3,128.9,264.2,230,0,1,321.7,2,2,1,1,3,0,1,0.4,1,68.6,75.73,457,3333,0.7,6.4,3,43,0.54,0.61,0.49,0.49,0.57,0.68,0.53,0.5,0.42
Tunisia,3,20200410,20200320,7,0.61,1.04,148,268,12.8,23.17,10936,4243,367,100,100,100,11565204,70,8.3,32.7,8.5,16.1,15.5,33.7,39.1,24,55.7,55.5,124.3,128.9,264.2,230,0,1,321.7,2,2,1,1,3,0,1,0.4,1,68.6,75.73,457,3333,0.7,6.4,3,43,0.54,0.61,0.49,0.49,0.57,0.68,0.53,0.5,0.42
Tunisia,4,20200417,20200320,12,1.04,0.61,179,148,15.48,12.8,15592,4656,403,100,100,100,11565204,70,8.3,32.7,8.5,16.1,15.5,33.7,39.1,24,55.7,55.5,124.3,128.9,264.2,230,0,1,321.7,2,2,1,1,3,0,1,0.4,1,68.6,75.73,457,3333,0.7,6.4,3,43,0.54,0.61,0.49,0.49,0.57,0.68,0.53,0.5,0.42
Turkey,1,20200325,20200318,42,0.51,0.01,1681,190,20.42,2.31,33004,22986,279,80.95,67,38,82319724,74,8.5,27.2,11.1,16.1,10.9,52.4,49,45.7,56.5,64.7,96.4,174.9,261.7,270,0,1,179.4,1,1,1,2,2,2,0,0,2,74.6,75.76,854,9333,0.8,4.4,2,41,0.43,0.3,0.47,0.42,0.32,0.69,0.41,0.44,0.38
Turkey,2,20200401,20200318,170,2.07,0.51,11659,1681,141.63,20.42,106799,73795,896,95.24,81,67,82319724,74,8.5,27.2,11.1,16.1,10.9,52.4,49,45.7,56.5,64.7,96.4,174.9,261.7,270,0,1,179.4,1,1,1,2,2,2,0,0,2,74.6,75.76,854,9333,0.8,4.4,2,41,0.43,0.3,0.47,0.42,0.32,0.69,0.41,0.44,0.38
Turkey,3,20200408,20200318,511,6.21,2.07,20578,11659,249.98,141.63,247768,140969,1712,95.24,95,81,82319724,74,8.5,27.2,11.1,16.1,10.9,52.4,49,45.7,56.5,64.7,96.4,174.9,261.7,270,0,1,179.4,1,1,1,2,2,2,0,0,2,74.6,75.76,854,9333,0.8,4.4,2,41,0.43,0.3,0.47,0.42,0.32,0.69,0.41,0.44,0.38
Turkey,4,20200415,20200318,678,8.24,6.21,31002,20578,376.6,249.98,477716,229948,2793,95.24,95,95,82319724,74,8.5,27.2,11.1,16.1,10.9,52.4,49,45.7,56.5,64.7,96.4,174.9,261.7,270,0,1,179.4,1,1,1,2,2,2,0,0,2,74.6,75.76,854,9333,0.8,4.4,2,41,0.43,0.3,0.47,0.42,0.32,0.69,0.41,0.44,0.38
Ukraine,1,20200320,20200313,2,0.04,0.02,23,2,0.52,0.04,,,,95.24,71,14,44622516,68,16.4,28.9,6.1,24.7,8.8,38,34.8,23,43.3,53,130,300,703.9,880,0,1,290.3,1,1,0,2,0,0,0,0,0,69.2,71.48,227,3102,0.8,5.7,2.1,32,0.51,0.46,0.33,0.57,0.61,0.75,0.43,0.54,0.36
Ukraine,2,20200327,20200313,2,0.04,0.04,192,23,4.3,0.52,,,,95.24,95,71,44622516,68,16.4,28.9,6.1,24.7,8.8,38,34.8,23,43.3,53,130,300,703.9,880,0,1,290.3,1,1,0,2,0,0,0,0,0,69.2,71.48,227,3102,0.8,5.7,2.1,32,0.51,0.46,0.33,0.57,0.61,0.75,0.43,0.54,0.36
Ukraine,3,20200403,20200313,18,0.4,0.04,769,192,17.23,4.3,,,,95.24,95,95,44622516,68,16.4,28.9,6.1,24.7,8.8,38,34.8,23,43.3,53,130,300,703.9,880,0,1,290.3,1,1,0,2,0,0,0,0,0,69.2,71.48,227,3102,0.8,5.7,2.1,32,0.51,0.46,0.33,0.57,0.61,0.75,0.43,0.54,0.36
Ukraine,4,20200410,20200313,46,1.03,0.4,1216,769,27.25,17.23,,,,95.24,95,95,44622516,68,16.4,28.9,6.1,24.7,8.8,38,34.8,23,43.3,53,130,300,703.9,880,0,1,290.3,1,1,0,2,0,0,0,0,0,69.2,71.48,227,3102,0.8,5.7,2.1,32,0.51,0.46,0.33,0.57,0.61,0.75,0.43,0.54,0.36
Ukraine,5,20200417,20200313,56,1.25,1.03,2459,1216,55.11,27.25,,,,95.24,95,95,44622516,68,16.4,28.9,6.1,24.7,8.8,38,34.8,23,43.3,53,130,300,703.9,880,0,1,290.3,1,1,0,2,0,0,0,0,0,69.2,71.48,227,3102,0.8,5.7,2.1,32,0.51,0.46,0.33,0.57,0.61,0.75,0.43,0.54,0.36
United Arab Emirates,1,20200328,20200321,0,0,0.1,315,68,32.71,7.06,,,,90.48,55,36,9630959,76,1.1,28.9,16.3,16.8,2.2,46.7,49.7,22.9,72.4,94.8,130,155.8,306.1,120,1,1,472.7,2,3,4,3,4,2,1,0.2,2,86.2,77.26,1845,43402,0.9,2.8,3.2,70,0.65,0.56,0.8,0.36,0.46,0.91,0.73,0.68,0.67
United Arab Emirates,2,20200404,20200321,8,0.83,0,1037,315,107.67,32.71,,,,95.24,90,55,9630959,76,1.1,28.9,16.3,16.8,2.2,46.7,49.7,22.9,72.4,94.8,130,155.8,306.1,120,1,1,472.7,2,3,4,3,4,2,1,0.2,2,86.2,77.26,1845,43402,0.9,2.8,3.2,70,0.65,0.56,0.8,0.36,0.46,0.91,0.73,0.68,0.67
United Arab Emirates,3,20200411,20200321,10,1.04,0.83,2231,1037,231.65,107.67,,,,95.24,95,90,9630959,76,1.1,28.9,16.3,16.8,2.2,46.7,49.7,22.9,72.4,94.8,130,155.8,306.1,120,1,1,472.7,2,3,4,3,4,2,1,0.2,2,86.2,77.26,1845,43402,0.9,2.8,3.2,70,0.65,0.56,0.8,0.36,0.46,0.91,0.73,0.68,0.67
United Arab Emirates,4,20200418,20200321,17,1.77,1.04,2566,2231,266.43,231.65,,,,95.24,95,95,9630959,76,1.1,28.9,16.3,16.8,2.2,46.7,49.7,22.9,72.4,94.8,130,155.8,306.1,120,1,1,472.7,2,3,4,3,4,2,1,0.2,2,86.2,77.26,1845,43402,0.9,2.8,3.2,70,0.65,0.56,0.8,0.36,0.46,0.91,0.73,0.68,0.67
United Kingdom,1,20200313,20200306,9,0.14,0.02,635,147,9.55,2.21,32771,12433,187,14.29,14,14,66460344,87,18.4,22.3,3.9,10.9,4,77.9,91.9,59.8,74.7,94.8,119.6,282.5,842.1,280,1,1,631.6,4,4,3,3,3,2,2,0.1,1,83.1,80.96,3352,42490,0.9,8.5,3.2,80,0.79,0.82,0.82,0.79,0.79,0.84,0.81,0.71,0.72
United Kingdom,2,20200320,20200306,167,2.51,0.14,3181,635,47.86,9.55,66976,34205,515,33.33,14,14,66460344,87,18.4,22.3,3.9,10.9,4,77.9,91.9,59.8,74.7,94.8,119.6,282.5,842.1,280,1,1,631.6,4,4,3,3,3,2,2,0.1,1,83.1,80.96,3352,42490,0.9,8.5,3.2,80,0.79,0.82,0.82,0.79,0.79,0.84,0.81,0.71,0.72
United Kingdom,3,20200327,20200306,401,6.03,2.51,7679,3181,115.54,47.86,113777,46801,704,64.29,33,14,66460344,87,18.4,22.3,3.9,10.9,4,77.9,91.9,59.8,74.7,94.8,119.6,282.5,842.1,280,1,1,631.6,4,4,3,3,3,2,2,0.1,1,83.1,80.96,3352,42490,0.9,8.5,3.2,80,0.79,0.82,0.82,0.79,0.79,0.84,0.81,0.71,0.72
United Kingdom,4,20200403,20200306,2343,35.25,6.03,22060,7679,331.93,115.54,173784,60007,903,71.43,64,33,66460344,87,18.4,22.3,3.9,10.9,4,77.9,91.9,59.8,74.7,94.8,119.6,282.5,842.1,280,1,1,631.6,4,4,3,3,3,2,2,0.1,1,83.1,80.96,3352,42490,0.9,8.5,3.2,80,0.79,0.82,0.82,0.79,0.79,0.84,0.81,0.71,0.72
United Kingdom,5,20200410,20200306,5057,76.09,35.25,31359,22060,471.85,331.93,256605,82821,1246,71.43,71,64,66460344,87,18.4,22.3,3.9,10.9,4,77.9,91.9,59.8,74.7,94.8,119.6,282.5,842.1,280,1,1,631.6,4,4,3,3,3,2,2,0.1,1,83.1,80.96,3352,42490,0.9,8.5,3.2,80,0.79,0.82,0.82,0.79,0.79,0.84,0.81,0.71,0.72
United Kingdom,6,20200417,20200306,5751,86.53,76.09,38016,31359,572.01,471.85,341551,84946,1278,71.43,71,71,66460344,87,18.4,22.3,3.9,10.9,4,77.9,91.9,59.8,74.7,94.8,119.6,282.5,842.1,280,1,1,631.6,4,4,3,3,3,2,2,0.1,1,83.1,80.96,3352,42490,0.9,8.5,3.2,80,0.79,0.82,0.82,0.79,0.79,0.84,0.81,0.71,0.72
United States,1,20200310,20200303,23,0.07,0,588,55,1.8,0.17,5184,5184,16,23.81,19,10,326687501,84,15.8,21.8,10.8,14.6,3.7,83.5,79.7,73.8,78.2,76.2,122,256.8,988.4,290,1,0,1094.2,3,4,2,2,4,2,2,1,0,82.1,78.69,8078,62254,0.9,8,2.6,71,0.72,0.71,0.74,0.78,0.72,0.81,0.71,0.62,0.63
United States,2,20200317,20200303,33,0.1,0.07,2840,588,8.69,1.8,56440,51256,157,66.67,24,19,326687501,84,15.8,21.8,10.8,14.6,3.7,83.5,79.7,73.8,78.2,76.2,122,256.8,988.4,290,1,0,1094.2,3,4,2,2,4,2,2,1,0,82.1,78.69,8078,62254,0.9,8,2.6,71,0.72,0.71,0.74,0.78,0.72,0.81,0.71,0.62,0.63
United States,3,20200324,20200303,615,1.88,0.1,48378,2840,148.09,8.69,353854,297414,910,76.19,67,24,326687501,84,15.8,21.8,10.8,14.6,3.7,83.5,79.7,73.8,78.2,76.2,122,256.8,988.4,290,1,0,1094.2,3,4,2,2,4,2,2,1,0,82.1,78.69,8078,62254,0.9,8,2.6,71,0.72,0.71,0.74,0.78,0.72,0.81,0.71,0.62,0.63
United States,4,20200331,20200303,1725,5.28,1.88,88726,48378,271.59,148.09,1066348,712494,2181,76.19,76,67,326687501,84,15.8,21.8,10.8,14.6,3.7,83.5,79.7,73.8,78.2,76.2,122,256.8,988.4,290,1,0,1094.2,3,4,2,2,4,2,2,1,0,82.1,78.69,8078,62254,0.9,8,2.6,71,0.72,0.71,0.74,0.78,0.72,0.81,0.71,0.62,0.63
United States,5,20200407,20200303,7161,21.92,5.28,193171,88726,591.3,271.59,2072802,1006454,3081,76.19,76,76,326687501,84,15.8,21.8,10.8,14.6,3.7,83.5,79.7,73.8,78.2,76.2,122,256.8,988.4,290,1,0,1094.2,3,4,2,2,4,2,2,1,0,82.1,78.69,8078,62254,0.9,8,2.6,71,0.72,0.71,0.74,0.78,0.72,0.81,0.71,0.62,0.63
United States,6,20200414,20200303,12413,38,21.92,220011,193171,673.46,591.3,3081589,1008787,3088,76.19,76,76,326687501,84,15.8,21.8,10.8,14.6,3.7,83.5,79.7,73.8,78.2,76.2,122,256.8,988.4,290,1,0,1094.2,3,4,2,2,4,2,2,1,0,82.1,78.69,8078,62254,0.9,8,2.6,71,0.72,0.71,0.74,0.78,0.72,0.81,0.71,0.62,0.63